client_id,idade,renda_mensal,tempo_emprego_anos,qtd_contas,score_credito,historico_atrasos,valor_emprestimo,parcelas,inadimplente
1,56,4889.23,1.9,2,459.1336732241409,0,35015.27,35,0
2,69,2525.05,1.2,1,528.3173392091885,1,9833.68,59,1
3,46,4929.04,1.9,1,588.1121236860182,1,5009.69,21,0
4,32,1079.75,2.8,3,374.04466873444085,1,5282.45,33,0
5,60,1708.66,12.8,3,676.8991536344918,1,38535.48,20,1
6,25,1252.19,8.3,2,394.68454901524944,0,1922.5,14,0
7,38,4340.12,5.9,2,666.9587690898178,0,14828.11,42,0
8,56,5277.9,6.6,2,470.71907100718374,0,6894.73,39,0
9,36,2635.79,1.9,0,559.5081309296501,0,37868.05,47,0
10,40,1482.75,3.2,3,651.9130646949429,1,25422.91,51,0
11,28,2934.23,6.8,2,819.8139519479482,0,10671.87,3,0
12,28,2019.76,1.5,2,611.645197770735,0,37645.34,36,1
13,41,1576.66,9.8,1,401.7373671800492,0,37643.14,9,0
14,70,3909.62,1.6,3,695.3695132635773,2,26389.62,4,0
15,53,1625.56,2.8,5,576.8081595140982,0,14154.56,59,0
16,57,851.43,3.7,0,606.9906654458823,1,29520.72,24,0
17,41,1017.1,9.0,0,655.7863029887615,0,46709.74,6,0
18,20,826.66,0.8,1,377.46220430942856,1,3056.0,47,1
19,39,3633.71,4.1,2,600.6536847735196,0,13714.02,48,0
20,70,3362.11,2.2,2,559.0306110047304,0,14605.98,22,1
21,19,3230.58,0.9,1,722.1834906005519,1,31774.68,5,0
22,41,4770.4,4.5,5,672.7113763338743,0,32732.64,11,0
23,61,7735.44,2.4,0,437.29980772184524,2,10712.61,20,0
24,47,1856.01,3.2,1,726.2625852349048,0,11196.98,59,1
25,55,4126.49,1.2,2,644.9525088160211,0,46446.53,18,0
26,19,842.44,2.0,2,445.2758402546782,0,37936.79,53,0
27,38,8981.91,2.9,3,605.5753103492773,0,46746.35,54,0
28,50,1101.18,1.6,0,703.4826113855855,1,41568.32,11,0
29,29,1689.07,0.7,2,478.5956127426606,0,20404.84,21,0
30,39,1847.95,9.8,0,737.7577335845417,0,6534.43,8,0
31,61,879.17,2.1,1,448.7371225872474,0,31662.74,46,0
32,42,3059.66,4.0,4,520.8772823353015,1,17923.56,17,0
33,66,3537.31,1.6,6,505.7129164610308,1,21557.89,55,0
34,44,2561.81,1.3,0,737.6933731588662,1,21581.05,8,0
35,59,869.4,1.6,3,550.8983863450803,0,46857.72,7,0
36,45,14569.84,1.6,0,483.7182997339002,1,3908.69,31,0
37,33,4625.71,2.4,0,644.5210878914062,0,10058.64,48,0
38,32,24523.27,2.4,1,666.1180990592719,0,30593.17,29,0
39,64,1565.42,2.1,4,666.7536094794132,0,44246.02,53,0
40,68,6414.43,0.4,3,572.866083477399,0,45938.16,52,0
41,61,5560.37,2.1,0,625.4534301036948,1,28155.3,47,0
42,72,2362.65,0.6,0,534.9766913770715,1,2210.78,43,1
43,69,9217.33,0.4,0,767.4801677935731,0,18462.61,54,0
44,74,2155.27,8.1,2,714.4205158657932,0,45982.25,28,0
45,20,2233.41,2.8,4,708.2956829040675,0,25247.23,30,0
46,54,185.46,3.2,2,679.4115934573546,1,36467.36,56,1
47,68,4134.92,1.5,3,651.9733305995002,0,13825.07,34,0
48,24,1032.35,7.2,0,475.5637515850212,0,1737.85,27,0
49,38,1918.74,3.0,3,663.3301236255649,0,29128.83,55,0
50,26,1311.63,4.4,5,611.426523006332,0,41831.56,9,0
51,56,2223.89,1.4,2,726.336408495092,0,49518.3,32,0
52,35,4251.83,9.7,4,680.7419182382428,0,42408.04,55,1
53,21,3007.65,5.2,2,655.0380470153021,1,27922.72,33,1
54,42,5259.09,5.8,3,431.57752024698436,0,30632.02,14,0
55,31,8205.04,0.6,1,591.0999463391529,0,41296.12,11,0
56,67,2219.34,0.9,1,544.2107740096344,1,1480.63,36,0
57,26,2032.75,1.0,1,625.2365924183074,0,47606.4,5,0
58,43,6413.64,0.9,5,558.4451728557357,0,26795.45,39,0
59,70,6833.81,5.8,2,572.4054223906694,0,47626.59,52,0
60,19,5390.93,0.1,3,645.9033904906704,0,38343.65,30,0
61,37,1391.67,0.2,0,556.7861886431224,0,8039.73,48,0
62,45,4180.24,1.0,1,612.1591539574013,0,8680.36,24,0
63,64,3253.79,0.7,3,448.05881091256936,1,18005.48,28,0
64,24,6918.98,0.8,2,516.7598523239941,0,13567.41,21,1
65,61,1885.04,4.8,1,665.604356720296,1,22245.29,23,1
66,25,785.81,2.5,1,476.98078833035254,0,30393.24,39,0
67,64,5178.08,0.0,1,724.5725077602997,0,22110.69,12,1
68,52,385.02,1.7,1,697.4399355301321,0,3292.82,18,0
69,31,1660.36,1.6,1,573.1770064660213,0,48793.76,26,0
70,34,1314.8,0.4,2,850.0,0,21543.55,27,0
71,53,1307.74,3.4,2,724.3103577848293,0,42628.21,54,0
72,67,1637.25,3.6,0,505.0720493294265,0,4160.74,28,0
73,57,7894.32,3.8,1,674.6174053700048,1,40598.21,3,1
74,21,5747.06,3.9,1,606.5863066319757,0,9083.53,55,0
75,19,2437.23,0.0,4,522.3287909140589,0,34130.54,6,1
76,23,7382.73,9.2,1,493.0090856833791,1,33259.43,39,0
77,71,1274.31,5.0,1,699.4893334888379,2,45535.43,45,1
78,59,1142.96,7.0,0,540.2054535375867,0,16373.5,16,0
79,21,5948.4,0.0,0,589.8123644962948,0,5893.51,59,0
80,71,4739.63,8.1,1,507.8974071773472,0,43296.01,26,0
81,46,2062.74,5.0,4,525.1842062701409,0,16913.09,29,0
82,35,1201.87,5.4,1,587.3070799928528,0,12010.42,45,0
83,43,9583.38,0.3,1,638.8182292724151,0,24567.33,29,0
84,61,752.89,4.0,1,341.16408364485517,0,7733.72,26,1
85,51,1846.89,9.7,1,601.691979916675,1,15199.69,42,0
86,27,3579.08,3.4,1,525.3878987414964,0,19571.39,3,0
87,53,12603.53,2.5,0,740.2362653450225,0,14224.14,41,0
88,31,4050.03,8.7,1,850.0,1,22787.85,15,0
89,48,4377.55,1.8,1,564.0720965046285,0,19540.21,22,0
90,65,1890.3,2.7,3,427.7771439286806,0,38842.26,40,0
91,32,4697.49,1.9,5,611.6876969918567,1,45961.23,38,0
92,25,3242.98,8.1,7,579.4570670506795,1,5495.7,14,0
93,31,836.5,0.2,5,797.135064900129,0,41253.48,7,1
94,40,5621.47,2.1,0,766.6589343375542,1,46622.67,7,1
95,74,6478.96,3.5,3,686.5374970596564,0,34487.35,19,0
96,57,5668.57,4.7,4,541.3305918787341,0,49822.77,40,0
97,38,3061.51,2.6,1,667.7766566180803,1,17084.63,12,0
98,33,1387.22,7.2,1,626.5006359068304,0,41600.34,18,0
99,62,469.96,8.5,4,624.132320329939,0,33848.27,26,1
100,35,3380.04,0.2,1,444.177015143213,1,16509.72,31,0
101,64,7083.71,1.5,0,706.1795338453646,0,35381.49,55,0
102,70,6610.58,0.1,1,610.7808328311235,0,25726.28,16,1
103,41,5726.49,1.2,2,589.9158652455425,1,9854.21,12,0
104,43,2809.13,2.3,0,539.9843504991172,0,9107.04,31,0
105,42,7115.08,7.3,3,520.6383500346623,1,35813.24,30,0
106,62,6243.71,5.6,2,631.7258581278982,0,35740.56,56,0
107,58,2125.78,0.4,5,425.0837198141918,1,26773.3,55,1
108,46,5121.89,0.3,3,678.9498759650043,0,25320.08,19,0
109,32,1941.53,2.7,3,494.58945630043144,1,9411.9,7,0
110,62,4591.76,2.3,1,394.1319313794708,0,21749.66,4,0
111,18,1054.38,0.9,2,782.1895315926021,1,43634.18,38,1
112,42,1121.28,6.9,4,514.1912950654422,0,42809.0,52,0
113,24,6950.48,7.9,2,527.7840838478304,0,33215.49,42,0
114,26,6310.99,1.5,1,713.4538331008075,0,49869.16,48,0
115,41,4948.74,6.6,2,785.4430900516641,1,44712.33,47,0
116,18,3198.3,1.5,5,446.699842139657,1,7688.91,41,0
117,61,440.09,4.0,3,504.3831939749331,0,20257.25,11,0
118,25,2807.64,1.9,1,511.73211778394034,0,7030.91,38,0
119,41,4287.02,0.4,4,693.4801662695654,1,23571.44,7,1
120,28,1943.44,7.9,0,763.9132127929533,0,38930.95,17,1
121,68,1685.82,1.8,2,491.9747438421921,0,8211.54,11,0
122,34,9466.71,4.0,2,741.474533796822,0,44080.89,27,0
123,25,2840.59,1.4,2,529.0965888471299,0,28668.35,52,0
124,52,4289.12,0.1,5,633.6122902945572,0,37572.75,30,0
125,52,5537.54,0.3,1,472.85463005721823,1,2735.21,29,0
126,50,1337.89,2.1,1,587.8069586418002,2,5144.99,48,0
127,22,3479.23,3.5,1,588.8887285927284,0,31232.63,49,1
128,59,8567.37,1.2,1,568.4841693684726,1,41990.5,35,0
129,56,12776.7,3.6,2,638.4970981319697,1,43756.32,53,0
130,58,3077.73,3.6,3,499.2969135147474,0,34574.28,35,0
131,45,2464.26,3.7,3,511.6276701813158,1,10446.47,40,0
132,24,3696.79,2.0,2,643.7872144949356,1,10153.57,10,0
133,26,3622.46,7.4,1,734.2035330975729,1,44127.46,6,1
134,25,9039.93,2.0,1,597.7186305952077,1,6105.15,50,0
135,29,1343.3,1.8,4,650.3670773462172,1,34460.51,45,1
136,51,2382.97,0.7,2,675.808001029734,0,26908.59,38,0
137,50,1219.61,1.1,1,683.0505188633491,0,21360.29,45,0
138,65,1326.53,0.1,1,504.6475274163362,1,22296.56,33,1
139,72,4028.94,3.0,5,522.2989769795096,0,47287.76,12,1
140,40,5698.09,0.9,1,530.9925406056465,0,43141.44,51,0
141,41,1773.1,1.1,2,792.8633800893964,0,43316.7,43,0
142,54,5528.52,4.4,4,650.8192939171904,0,20627.61,44,0
143,52,7253.67,1.2,2,646.3315720385017,0,5795.57,10,0
144,61,14013.34,0.8,2,636.6235753183738,1,49893.05,32,0
145,57,3152.02,0.6,1,467.9206596380501,1,7694.48,16,1
146,39,1786.81,4.5,1,793.8190470777039,2,26021.33,47,0
147,44,1336.78,0.4,1,647.9187530786961,0,13598.65,37,0
148,52,1234.68,1.8,2,672.3160112654953,0,25781.77,48,0
149,18,8101.66,2.1,2,423.4478711084198,0,15594.19,48,0
150,52,887.07,3.5,0,677.9643852361518,1,44895.89,5,0
151,54,7896.69,3.0,3,564.3787549872374,0,48432.91,31,0
152,64,1488.09,5.0,3,467.7217025273763,0,20798.18,18,0
153,31,1723.02,0.1,1,504.62363341282025,0,3974.39,12,0
154,20,2640.58,1.1,3,473.5105791546634,0,33335.14,6,1
155,18,1697.78,1.0,4,471.821580488539,1,19142.97,54,1
156,22,6282.88,0.5,4,606.054782036421,0,49305.45,52,0
157,43,12716.75,1.0,2,561.3237211268349,0,4924.05,6,0
158,72,1761.73,1.1,1,633.4069362161388,1,6396.76,4,1
159,31,2109.51,2.2,0,767.5975871068005,1,35121.44,13,0
160,56,2615.85,3.3,3,587.0496286372662,1,38053.16,17,1
161,44,4595.56,1.4,2,375.5110706041573,1,23819.27,13,0
162,26,2636.51,3.8,0,575.8041788452183,0,14224.6,57,0
163,32,9043.54,1.2,5,719.3394436397872,0,15835.6,55,0
164,32,7459.91,1.0,4,591.406052750317,0,17229.66,25,0
165,43,1154.74,2.3,1,752.9330653691702,0,11651.46,40,0
166,59,4522.29,0.1,4,645.2941593137818,1,42606.81,52,0
167,30,10059.49,0.2,3,416.17302656026106,0,3721.32,32,1
168,68,2006.56,1.6,4,610.9582250438358,0,20660.25,52,0
169,49,2355.69,8.6,3,629.7001294264729,0,37506.36,3,0
170,56,1953.88,3.8,1,708.0355801273644,1,689.36,47,0
171,66,1986.92,0.3,3,781.9636571611568,1,43962.61,35,0
172,69,784.65,5.6,2,690.7725519708699,1,35461.51,47,0
173,49,1030.03,4.0,2,644.0479797387217,1,4132.01,55,0
174,21,3171.56,2.8,2,667.6188271578346,1,44802.33,39,1
175,47,10005.38,5.1,1,583.1993193550433,0,24621.6,25,0
176,54,1824.96,1.6,5,453.7122163192571,0,32785.85,51,1
177,40,1782.54,0.8,4,604.149608622286,0,44160.65,50,0
178,56,11628.53,2.2,1,636.5290327458906,0,44117.54,55,0
179,62,1228.31,2.4,3,479.63423740880773,0,20732.83,20,0
180,32,789.19,2.3,3,732.6621639499941,0,12265.63,12,0
181,60,1536.39,2.5,4,700.5411015482431,2,13242.37,19,0
182,46,1754.21,8.9,1,462.82385847121304,0,38414.11,9,0
183,53,736.59,7.0,1,736.5832288789875,0,46506.8,17,1
184,30,2690.73,6.3,2,569.1685630790153,4,4075.42,53,0
185,49,6366.19,4.8,1,522.1508434881652,1,1243.48,29,0
186,24,1065.54,8.6,1,707.9277692746526,2,41235.29,11,0
187,68,3197.3,0.3,0,594.8945587239942,0,19636.83,23,1
188,39,4091.83,0.9,2,789.918532083687,0,14184.24,55,0
189,45,2788.59,2.0,2,514.7111956113249,1,9824.51,39,1
190,19,3458.37,5.6,1,426.83424760273454,0,17650.79,59,0
191,59,3490.71,2.1,1,571.9561718833859,1,48587.67,31,0
192,62,1555.91,4.1,3,678.9222499060472,3,48865.45,44,0
193,74,9885.91,0.4,2,507.28570144644567,1,16909.92,47,0
194,70,8088.56,0.9,1,466.98996172001205,0,48202.66,35,0
195,23,7722.78,3.9,1,622.8927402702755,0,15343.24,55,1
196,45,6707.23,0.5,1,453.63127898324836,2,42796.81,8,0
197,45,845.57,1.3,2,630.6692699613413,1,10994.21,27,1
198,61,6253.21,0.9,4,565.9376948771823,0,41411.14,37,0
199,61,5036.57,1.3,1,649.4466488352373,0,18009.65,19,0
200,37,871.99,3.7,0,461.61711960753985,0,10188.31,46,0
201,47,2510.08,1.4,1,729.8163151443904,2,46771.61,29,1
202,28,3719.84,2.4,2,581.696551500631,1,11102.12,45,0
203,72,11287.53,0.3,0,676.3522667904823,0,49595.84,42,0
204,45,5322.93,4.9,3,695.9875461284889,0,5874.41,27,0
205,42,1492.71,1.4,1,484.2555047634044,2,996.03,14,0
206,56,11571.62,3.1,1,688.2257509608077,0,43604.28,45,0
207,50,3087.21,3.9,7,457.49332248556743,0,29536.92,56,1
208,18,2429.22,0.7,1,462.98622572401075,0,21370.5,39,1
209,74,2294.58,6.5,1,796.3999235988434,1,4557.21,42,0
210,44,813.35,2.9,0,711.1853368796625,1,28957.18,46,0
211,74,2730.35,1.7,5,807.3664175433755,0,19989.42,56,0
212,69,4438.13,0.6,1,562.978596939209,0,24439.28,40,0
213,30,2190.08,8.6,2,610.2428664078009,0,31704.4,43,0
214,58,4172.88,4.2,0,652.7354746752363,1,32176.71,27,0
215,20,1492.92,0.7,2,598.7804433406105,0,48049.66,51,1
216,56,2663.13,1.2,2,525.3863979304095,1,32925.14,4,0
217,23,3840.02,5.0,4,510.39153021199513,1,17300.5,3,0
218,25,3469.37,3.6,2,621.386223282895,0,16816.82,52,0
219,44,825.2,4.4,2,493.31401583376953,1,24119.47,5,0
220,26,2098.12,1.7,2,490.51365076331473,0,13336.72,31,0
221,54,11406.86,3.8,0,639.3572011154592,0,19133.73,16,0
222,50,2010.31,1.5,5,590.4840648514385,0,42184.58,47,0
223,68,3018.89,0.7,1,693.7206270581685,0,43058.2,36,0
224,59,2781.08,3.0,6,557.5088589917158,0,31575.73,24,0
225,61,10452.45,11.2,3,541.8744050024465,0,29350.63,38,1
226,41,8369.04,1.1,3,642.3553396035471,0,21641.44,17,1
227,32,5687.49,1.9,2,518.7975125446173,0,31977.0,39,0
228,71,1368.41,3.4,1,534.1872274443315,0,40399.64,12,0
229,49,3973.28,2.3,5,538.1545609620586,0,37023.43,11,0
230,49,4695.47,5.6,0,579.0297893704447,0,2255.25,52,0
231,41,1704.65,4.3,2,777.2436543295903,1,36690.93,37,1
232,58,1485.62,0.2,3,462.3211175042843,1,36137.41,48,1
233,69,11661.07,19.4,1,729.5507582117459,0,5400.03,44,0
234,66,2343.4,4.2,2,673.7786756289917,0,7937.24,19,1
235,66,10850.66,6.0,1,756.6978847369993,0,39501.47,49,1
236,69,6618.84,3.2,2,850.0,1,28169.98,20,1
237,29,4131.11,5.8,1,743.1453020787856,0,41170.64,51,0
238,56,4281.36,0.4,1,692.5666947907862,2,9644.83,27,0
239,19,972.3,1.3,4,468.7503648374983,1,2015.43,37,0
240,20,3517.2,6.3,3,481.37777384889574,1,8516.12,18,0
241,66,9261.45,0.7,3,636.0190184365222,1,22902.22,53,0
242,54,5141.35,0.2,1,430.19238520804356,0,26402.99,47,0
243,66,3372.7,4.7,1,661.5439251291219,0,42956.21,57,0
244,73,11725.83,5.4,3,386.5078109238989,1,35951.93,51,0
245,34,2570.79,0.5,5,715.2233385564616,0,49524.34,27,1
246,66,1815.93,5.8,1,567.8299688066402,0,4396.62,57,0
247,19,3371.34,3.5,5,612.659694547019,0,6945.94,18,0
248,19,5503.69,2.2,1,525.1627703579518,2,4675.6,43,1
249,45,754.28,5.3,2,410.1473589777428,1,27153.67,26,0
250,71,3743.94,1.6,2,723.4695279194261,0,13709.61,55,0
251,40,5700.31,0.6,1,733.5701394954714,0,34339.83,14,1
252,54,2402.55,1.0,2,564.8512234796302,2,7068.2,37,0
253,49,7226.95,2.1,2,666.1929564734007,0,5607.97,11,0
254,50,4978.83,2.3,2,560.9108579789596,0,23278.19,50,0
255,18,16532.88,4.9,2,628.8489844266246,0,19106.97,39,0
256,36,1635.2,4.7,3,675.913919892011,1,41543.66,34,1
257,19,5793.94,2.6,0,655.5084924573873,4,41958.93,59,0
258,70,1321.0,4.6,4,734.0969613409345,1,6312.72,21,0
259,61,818.69,0.6,1,651.8880675705335,1,40709.98,24,0
260,43,584.98,0.2,0,602.8084617038595,0,28426.17,47,0
261,49,4585.52,6.2,1,523.8581032122578,0,25426.13,36,1
262,23,3454.38,0.2,0,552.149461967608,0,5190.79,21,0
263,49,2031.97,0.8,1,681.0051396725016,2,37111.72,52,0
264,72,721.4,3.6,1,449.81734810858813,0,3451.87,14,1
265,21,1715.9,1.6,2,710.5807303412796,1,14245.74,20,0
266,72,2990.73,6.3,2,571.8856273985467,1,5223.86,7,0
267,28,5622.52,1.1,0,518.139409559211,2,26773.0,28,0
268,73,2941.78,0.0,2,490.12758232185325,0,32438.89,54,0
269,34,3646.96,1.1,2,667.4367785648387,3,44597.33,29,0
270,55,2206.35,2.6,3,598.5358646196681,0,36826.66,22,0
271,41,12080.88,1.4,5,758.876522322982,0,48074.67,10,0
272,22,1320.02,2.3,2,473.6924349474079,0,38167.02,56,0
273,69,1703.79,6.3,1,542.1836376938137,1,15254.62,18,0
274,51,2010.45,7.3,2,590.7778841872587,1,27605.45,4,0
275,23,4601.62,0.9,0,524.8143256030066,1,23168.01,47,1
276,39,1298.43,1.9,5,600.6118664141803,0,28515.45,3,0
277,28,3322.84,2.4,1,631.9500766415518,1,28818.42,7,0
278,65,3401.35,8.9,1,648.448423912974,2,35254.0,33,0
279,33,1710.45,19.8,1,750.6167130884461,0,4610.67,25,0
280,50,3881.53,0.8,2,469.65275712184194,0,37463.88,23,0
281,26,1331.08,3.9,1,633.7760319935311,1,7615.31,14,0
282,23,1219.68,1.4,3,535.3057180411834,2,1797.26,6,0
283,33,3228.21,0.0,4,643.0013380023585,1,26185.82,39,0
284,46,790.13,0.0,2,643.1332186353047,1,29283.11,13,0
285,20,536.01,1.9,2,501.3080616767669,0,2225.13,44,1
286,37,4565.42,2.0,2,509.88476573659125,0,26010.87,42,0
287,53,6899.3,0.1,2,651.1643063469575,0,26961.23,55,0
288,36,2051.97,3.5,1,602.3404510744131,0,3098.5,11,0
289,43,1746.8,1.0,2,578.0378159268396,1,35723.47,28,0
290,20,6663.69,2.5,2,665.7986829774974,1,10909.34,41,0
291,36,1192.22,1.1,2,673.1718475862132,0,39825.73,29,0
292,37,1001.55,0.5,5,547.0369887298298,0,15885.7,31,0
293,49,5250.66,1.6,2,514.79468623575,1,24155.68,48,0
294,24,3002.59,0.8,3,473.8081023162358,0,44646.62,45,1
295,69,6987.66,2.3,0,603.3454120201485,1,40405.88,52,0
296,58,537.96,0.7,2,457.6839722851435,1,39202.25,27,1
297,50,972.1,2.1,2,609.9428458229035,0,8441.49,20,0
298,57,3015.33,0.5,1,721.6836791424439,0,2883.05,56,0
299,56,4163.61,3.3,2,564.6540229713715,2,30485.07,32,0
300,35,5869.93,4.2,1,546.3795719459837,0,20829.24,10,0
301,57,3428.42,0.4,2,799.7844773627145,0,45499.33,4,0
302,18,3400.66,1.9,4,750.9701819187646,0,17804.87,24,0
303,28,2183.05,0.2,3,523.5402129444586,0,20822.14,23,1
304,45,10643.71,2.7,1,613.9013181058975,0,26537.03,41,1
305,74,1233.46,0.9,3,632.8678242348083,0,39921.83,28,1
306,42,3972.76,2.2,3,620.3660422726178,0,13780.8,31,1
307,67,1352.56,2.2,4,781.4673447712787,2,47120.12,7,0
308,40,4572.53,7.7,3,608.7229892419421,1,27226.1,48,0
309,48,1300.35,2.4,1,623.7234875631017,0,42128.37,16,0
310,47,5404.85,2.6,2,668.8662295146416,1,26518.11,37,0
311,59,3260.66,1.5,2,718.9919716047667,0,38713.66,8,0
312,52,12036.65,8.9,2,693.6899194304106,0,3045.33,25,0
313,24,2380.78,4.5,3,653.8084786311639,1,40061.02,19,0
314,33,4187.98,1.0,2,444.13001946060916,1,26435.99,26,0
315,43,1597.63,5.6,0,551.1862275941573,0,22746.07,42,0
316,65,2367.73,1.7,1,681.9421207205271,0,6024.68,31,1
317,74,3244.12,5.3,1,625.0398697279305,1,37207.35,54,1
318,69,878.51,5.2,1,682.6128633822952,0,6992.6,32,1
319,66,959.01,0.6,1,788.7166061671248,0,10019.73,26,0
320,19,4816.91,3.6,3,482.3036794940676,0,6757.95,37,0
321,18,2652.16,1.0,0,713.7910174804583,0,825.49,49,0
322,65,1855.03,1.1,2,566.9636537506369,0,33264.73,39,1
323,29,1653.11,1.1,1,693.5349819274732,0,13906.78,53,0
324,22,1704.81,3.9,2,595.8779256631883,0,7898.79,4,0
325,54,3261.82,0.8,1,812.7004538892995,0,16338.64,23,0
326,49,4255.76,0.0,1,613.0086936261738,0,25204.69,42,0
327,72,559.09,3.8,1,535.948577564402,0,25418.92,43,0
328,26,9230.49,0.6,2,641.9874622791767,0,18676.2,7,0
329,58,8719.88,0.3,2,632.394278071827,0,24999.15,37,0
330,52,461.96,0.8,2,713.8097094110448,0,21653.4,46,0
331,36,7106.33,1.4,2,644.8052798604925,1,41221.93,37,0
332,65,6933.88,1.9,1,847.5064639169303,0,1965.89,58,1
333,33,2982.02,0.1,1,588.8595864597728,0,43467.49,21,0
334,20,1056.02,10.6,2,590.0380050219526,0,12573.81,18,1
335,37,6715.56,3.8,2,539.6113949946946,0,36228.22,27,0
336,41,2457.78,1.2,3,608.5668338354177,0,20549.46,18,0
337,71,4624.41,1.2,2,623.1059121082955,0,15069.48,33,0
338,73,17594.84,1.8,1,628.1210529955878,0,30959.69,35,1
339,50,3646.3,3.0,2,606.7187675493999,2,38559.78,19,0
340,41,1431.52,0.5,2,539.0178783272702,0,22771.85,23,0
341,69,2278.82,0.6,2,511.83348719176445,0,23594.42,54,1
342,28,1585.16,5.9,2,562.4826275164444,0,3413.4,37,0
343,66,4216.63,0.9,2,714.1537660235114,1,46237.8,51,1
344,25,1564.23,1.4,1,735.6799685491479,0,42421.39,25,1
345,53,2042.07,6.2,0,592.3035463559565,0,20200.64,51,0
346,55,1066.84,3.3,1,505.8417033532575,1,38365.06,18,0
347,57,2682.03,1.3,5,591.8826389683209,0,16007.32,40,1
348,37,3433.73,3.5,4,809.1665435270079,1,36655.88,52,1
349,52,347.99,0.1,3,699.8967835316621,0,26076.24,16,0
350,65,3668.94,4.0,2,655.0742691532547,0,23307.95,54,0
351,42,2873.94,2.0,2,696.2684917052569,1,3297.89,42,0
352,52,1616.48,5.0,2,754.0566611341312,0,48288.39,53,0
353,42,15106.84,9.3,2,484.71337984528805,1,41951.74,43,0
354,46,6417.48,7.8,0,560.7960131302877,1,39772.71,55,0
355,35,1240.01,7.2,1,547.1278367163185,0,15593.35,56,1
356,63,5828.93,2.2,1,658.7114397070983,0,14834.71,52,0
357,35,8067.5,1.3,0,616.0110890639597,1,28873.06,35,0
358,19,3313.02,1.9,4,675.6311290689408,1,42388.05,23,0
359,71,3980.46,3.5,2,549.3112650132778,1,46764.11,19,1
360,52,3907.59,6.5,0,737.1952050679156,0,13811.99,6,0
361,33,561.91,0.7,2,593.0666291850698,2,30567.03,18,1
362,58,2567.03,7.5,0,669.4545551958183,1,36333.19,58,0
363,53,2462.35,5.1,3,719.540649892294,0,11706.41,32,0
364,50,9359.29,11.6,2,711.5124315494968,1,20669.7,46,0
365,21,3893.18,6.4,1,636.0828408401796,2,9779.98,47,0
366,50,2349.39,1.0,1,681.9346906382546,1,35095.8,36,0
367,31,2773.6,0.3,3,774.1660663972286,0,43257.36,24,0
368,38,6759.53,0.4,3,651.3601233974696,2,43937.95,46,0
369,65,2571.73,1.0,3,527.035359793842,0,33669.4,44,1
370,37,1705.21,2.9,0,658.3050730963885,0,17684.04,31,0
371,73,2390.93,4.9,0,596.271878198041,0,33221.5,49,0
372,25,6326.84,6.9,3,365.1998865595656,0,43281.2,7,0
373,24,4433.44,2.9,3,646.1998023703093,0,31479.86,3,1
374,20,3088.42,0.0,1,611.6650650015607,0,20938.15,42,0
375,34,3474.59,0.6,4,715.6417771497438,1,46030.24,55,1
376,50,1904.94,0.3,0,524.9906342511694,0,41843.22,27,1
377,65,2552.53,1.4,1,449.42903376206925,1,44180.54,52,0
378,29,1753.48,2.1,3,616.8680859410509,1,45208.01,8,0
379,68,2354.72,0.1,2,638.0177387605446,0,19993.71,25,0
380,39,8751.17,1.3,2,609.3832945385569,0,43052.13,35,0
381,72,1258.53,0.6,1,602.0708683685403,0,28732.31,16,0
382,39,1718.19,3.1,4,493.1273045793673,0,2388.87,44,0
383,63,1092.87,1.9,2,586.1082863025076,0,31973.9,38,0
384,47,918.99,2.1,2,565.1594170495584,0,23795.64,20,0
385,55,2567.23,1.7,1,707.270874076744,0,14120.16,57,0
386,55,1818.76,9.4,4,637.9325364030615,0,48533.97,53,0
387,62,12201.95,0.7,5,572.2002878254805,3,3226.01,59,0
388,68,2377.3,2.2,2,772.3884876422766,0,47320.93,42,0
389,71,8362.54,4.0,2,573.1092323784991,0,8383.72,46,0
390,25,6466.6,2.4,0,655.7786723886163,1,19160.91,12,0
391,44,2522.07,7.9,3,583.3078666410718,0,21153.14,47,0
392,44,16124.71,1.4,2,763.1152515028004,0,36685.52,41,0
393,51,3695.34,1.9,5,608.6859775813612,0,11172.66,58,0
394,38,10000.67,0.3,6,611.6414227890674,0,49312.04,51,1
395,47,9111.36,2.8,3,586.0129641227286,2,37576.09,14,0
396,50,4153.55,1.0,3,619.6511926001215,0,39602.66,40,0
397,45,5436.58,0.5,3,719.9537838647909,0,5768.22,25,0
398,64,4911.12,2.4,2,684.5843844684688,1,24077.44,9,0
399,50,1193.43,2.3,3,602.8076181116171,0,47307.66,47,0
400,22,3120.76,0.2,2,770.1325106456654,1,13868.27,48,1
401,65,7040.24,3.6,0,687.2985641342569,0,7696.49,27,0
402,36,10106.65,2.9,2,556.181888080265,1,24527.03,57,0
403,21,1674.87,0.6,2,461.9651646266062,2,46554.46,57,0
404,52,4550.83,1.9,2,558.498619820343,2,24596.14,15,1
405,66,3363.36,3.8,2,641.3348778550253,0,20539.3,40,0
406,34,2712.7,2.3,1,659.7200370631426,0,32688.49,21,0
407,61,3963.18,1.5,2,735.913768330202,0,46875.76,47,0
408,45,3548.92,1.2,5,490.54540248809997,1,2928.34,24,0
409,47,4596.85,2.8,1,556.084466605319,0,8093.08,43,0
410,46,9446.25,8.4,0,482.2357330125487,1,7071.34,13,0
411,63,5582.0,3.3,2,466.1200788420555,0,4723.98,44,0
412,70,3821.79,0.2,0,537.2181254046682,0,15454.25,5,0
413,23,13249.3,1.9,3,636.6612244294021,1,11850.8,21,1
414,52,7244.11,6.6,2,677.1394434890316,1,27660.22,29,0
415,58,2768.56,0.3,3,505.1645893378325,1,16700.83,9,0
416,54,1125.86,13.5,4,519.0724080612761,0,20557.79,57,1
417,41,1352.53,8.9,1,422.01768246765664,0,47122.3,39,1
418,46,6289.18,0.2,1,621.4352208276996,0,8204.95,58,0
419,66,1800.37,8.1,1,526.7861098029261,0,19728.64,58,0
420,63,1330.83,1.4,2,766.3031378211847,0,13225.55,29,1
421,70,1625.44,5.6,1,640.9808799649595,0,27683.72,49,1
422,48,1720.02,1.6,3,582.8554256543225,1,36948.64,36,0
423,52,5887.1,1.7,4,535.8887572455548,2,40940.9,13,0
424,50,2629.65,3.0,2,450.5329779805771,0,26007.19,40,0
425,69,994.36,4.5,3,463.21282230545694,0,42818.37,7,0
426,38,3055.92,0.1,1,537.7859045427865,2,39361.24,54,1
427,49,3561.06,2.7,1,530.1097117975695,0,8271.7,9,0
428,40,2031.5,0.6,4,500.08281571540056,0,12648.72,38,0
429,50,7515.39,1.3,3,637.7094727442344,2,33750.17,7,0
430,20,2128.66,1.3,1,651.426559241486,1,48752.3,58,1
431,35,7234.89,1.9,3,554.1367602698272,2,19118.42,7,0
432,42,4805.07,1.2,2,793.5152268265317,0,11875.49,29,1
433,59,6255.93,0.3,2,425.32706334839077,0,43521.91,31,0
434,48,1237.88,0.5,4,605.8163898972264,1,10380.79,29,0
435,71,3224.87,0.1,2,578.1419795912075,0,35021.71,34,1
436,20,2857.6,1.9,2,544.9299118032743,0,2195.33,27,0
437,57,955.65,9.3,4,530.233715398694,0,1439.54,44,1
438,63,7215.95,0.4,4,599.3040117087642,0,22852.55,52,0
439,41,1550.11,8.8,2,577.4472172678271,1,32998.74,36,0
440,67,1830.5,4.0,1,560.812347288744,0,7550.51,17,0
441,49,1325.24,3.0,1,470.1280365010625,1,38312.18,43,0
442,64,5223.64,3.1,2,438.18881821895013,0,6872.46,36,0
443,39,879.41,5.3,2,571.1483524804435,0,26918.54,37,0
444,40,4886.83,0.3,2,559.790389550347,0,15760.81,56,0
445,19,6874.75,2.1,2,580.2963139723172,0,37736.54,22,0
446,44,4581.32,3.6,2,589.1378202110491,2,40303.78,58,1
447,59,5271.67,2.7,2,547.7497658117182,3,3771.52,26,0
448,19,5473.3,5.4,2,578.7592576181794,1,10033.93,36,0
449,43,1394.74,0.2,2,514.6471691896505,1,44685.88,36,1
450,34,9393.64,3.5,6,752.3945809163283,1,21072.84,53,0
451,57,2063.05,2.3,2,520.0259851850032,2,24098.43,48,0
452,50,2826.77,1.4,1,562.9019290534659,0,8817.18,29,0
453,26,2284.47,1.2,3,527.621121088612,1,49747.29,52,1
454,60,4417.08,2.9,1,525.9418459795097,0,46190.86,23,0
455,71,1938.31,6.6,5,602.4641566637947,2,600.22,35,0
456,65,3144.88,2.1,2,589.7765790116988,0,27761.37,41,0
457,56,1109.57,5.2,1,554.053960962479,2,43677.24,42,0
458,46,7568.36,1.5,2,571.6524008445689,0,21811.41,46,0
459,59,5097.94,0.3,1,528.0186449006729,0,22122.31,38,0
460,72,2359.47,0.2,0,640.1725637726161,1,19277.68,57,1
461,43,2048.13,0.2,5,805.5192742590714,0,1927.0,27,0
462,52,4992.55,1.4,3,512.5158722766781,0,39619.03,9,0
463,67,1692.84,1.2,1,639.3963223734605,0,23110.87,52,1
464,42,3295.43,3.8,4,604.4948957020711,1,26787.75,52,0
465,41,7548.61,4.1,0,666.862975813259,0,13156.41,12,1
466,30,1557.74,0.2,2,669.6792960496072,0,39313.87,12,0
467,24,4003.33,0.7,0,620.5412697218661,0,39790.55,40,0
468,74,3837.51,1.0,4,596.01794238849,1,27869.58,26,0
469,53,2757.64,2.4,4,556.5549800351554,1,45279.08,46,1
470,62,1992.15,0.5,2,523.5039646891364,0,6236.27,12,0
471,37,7878.07,0.4,2,590.3154339048215,0,39438.02,47,0
472,18,1848.16,8.6,3,471.54111685823193,1,28149.92,28,0
473,25,699.5,4.9,1,540.6144009882531,1,11935.15,32,1
474,63,4976.23,0.6,4,710.6853624472569,0,7049.04,29,1
475,33,1140.2,1.6,0,609.8512221079691,0,15399.85,46,0
476,31,5184.9,1.3,2,689.266441893555,1,42887.64,21,0
477,29,8672.59,4.7,0,746.9643886658424,2,39487.16,3,0
478,68,4933.48,2.1,0,582.2970544085183,0,32434.06,35,1
479,40,7024.29,0.4,6,620.7325834193641,0,4971.19,13,0
480,32,15003.51,4.0,2,569.8154105847244,0,47764.12,52,0
481,45,6460.15,1.5,1,518.7394239524393,0,15619.29,56,0
482,51,3883.37,0.9,2,504.7031740667595,1,30546.5,36,0
483,19,11016.6,1.4,4,684.3150372596491,2,40253.54,40,0
484,49,12134.65,2.1,1,620.8627280485648,0,7076.36,18,0
485,40,12271.29,1.3,5,784.6603072081052,0,32783.74,3,0
486,39,2010.79,0.8,1,697.2052012923891,0,2098.65,43,0
487,68,1009.07,1.5,0,526.8787010463632,0,5538.57,30,1
488,42,1914.95,0.1,1,684.0342180226771,0,36295.61,17,1
489,39,5233.91,4.4,1,569.4924460897745,2,8176.57,18,1
490,39,3385.74,0.6,0,721.6859709129002,2,22453.58,48,0
491,66,2527.07,0.1,4,551.366612275698,0,12792.46,34,0
492,69,4667.53,3.2,1,494.75740397573276,3,21350.86,41,0
493,59,919.06,4.5,2,520.4244922938591,0,4322.4,3,0
494,23,3337.36,5.0,4,525.5335097585087,0,37867.58,50,0
495,32,7293.7,2.0,2,515.9748235381336,1,4412.54,11,0
496,71,4626.02,0.7,4,542.7391724394893,0,41976.77,31,1
497,60,5184.6,4.0,2,685.6691870325237,0,33299.14,27,0
498,54,10698.92,3.6,4,779.6044208266185,0,21120.99,13,0
499,50,2827.32,0.8,4,466.9810484446496,0,43391.08,44,1
500,25,1767.86,7.0,3,726.3513042833149,1,9713.5,13,0
501,70,7720.33,0.3,3,552.2296284025572,0,13595.93,8,0
502,61,7607.55,12.2,1,634.7882531202234,0,7287.62,36,0
503,61,4659.36,5.9,1,434.5853969426703,0,19387.65,52,1
504,22,2622.03,3.5,3,652.4035017344856,0,49343.29,46,0
505,56,2984.25,8.4,2,399.4687603183937,0,8470.86,16,0
506,21,1073.39,3.8,3,631.3935072310165,1,41633.34,10,1
507,23,7261.61,0.6,1,625.7256047029337,0,32768.06,27,0
508,62,7059.44,1.8,2,619.1007634295468,0,1282.8,6,1
509,49,1043.83,0.2,2,526.5089849367071,0,47272.06,52,0
510,69,5967.63,1.5,2,654.9526674429644,0,48569.02,33,0
511,47,4118.65,4.1,1,639.1081509416717,1,46282.58,23,0
512,64,1316.09,1.5,2,579.004721635888,1,25336.11,47,0
513,52,1135.92,1.2,2,667.1850307175193,0,11408.57,34,0
514,72,4019.03,2.7,1,590.4395853434495,1,19867.6,57,0
515,57,2168.6,6.2,2,652.8777158908762,0,30902.48,16,0
516,69,12784.12,0.1,4,587.412067260591,1,19252.4,54,0
517,33,6387.38,1.5,3,621.6701991109541,1,35554.5,30,0
518,30,4354.45,0.5,0,657.4722941075262,0,39880.99,27,0
519,67,4529.94,3.6,4,560.2087426381966,1,10864.95,30,1
520,59,8644.63,0.3,2,476.6163413745805,0,20544.62,17,0
521,47,5867.68,3.3,2,627.6079005548155,0,47908.35,54,0
522,36,4446.24,1.0,2,718.9391378612929,0,12865.44,58,1
523,34,1360.75,0.7,3,629.9150972957445,0,17649.15,53,1
524,73,34529.09,8.3,0,631.8142314696373,0,2265.19,48,0
525,36,1233.31,0.1,1,595.782389350336,2,16952.12,46,0
526,45,2321.49,1.7,1,673.9118652773201,1,18861.1,24,0
527,72,793.31,0.1,1,581.4064583862063,0,5441.86,49,0
528,43,4587.26,2.0,2,554.6101218873139,0,571.39,8,0
529,54,3364.01,2.1,1,710.5298252874866,1,28982.57,53,0
530,43,5498.45,1.2,1,546.9461681707318,0,15425.57,4,0
531,70,741.55,0.4,1,688.947094645175,1,1382.28,8,0
532,40,7261.38,1.4,3,710.5935461957708,0,43067.24,57,1
533,26,1562.51,3.3,0,656.6816932062061,0,29428.28,25,0
534,29,2645.98,4.6,1,475.07644804273673,0,8972.83,28,1
535,70,6280.83,2.3,1,602.7154909222497,0,43329.71,13,0
536,18,3673.92,2.7,3,579.8000002941383,0,13052.51,3,0
537,18,3887.63,0.7,4,550.4000744664687,0,11758.56,30,0
538,64,5649.62,1.0,1,614.2751587346428,0,44784.39,24,0
539,51,4200.81,0.5,2,676.9206347497548,0,9383.17,43,1
540,49,2269.04,0.9,4,554.1447339868802,1,44009.8,15,0
541,71,2609.27,0.8,2,582.8617325726326,1,40247.18,43,0
542,65,3531.59,2.2,0,575.8941066168012,0,15833.99,49,0
543,42,1456.16,2.5,0,716.3871045544312,0,2202.66,52,0
544,57,6613.09,8.7,2,574.2899382189413,0,4587.37,38,0
545,62,3755.3,0.7,4,476.55943422382546,1,5921.65,24,0
546,70,3164.72,3.1,0,442.6565161009486,0,44594.54,6,0
547,18,7738.76,5.1,0,636.272956656597,0,20499.78,46,0
548,33,2707.85,2.5,0,523.9318260114098,0,2110.22,43,0
549,56,2576.18,0.9,2,666.8724505272478,0,28049.15,20,1
550,22,2022.92,0.9,1,466.8780011492869,1,10795.62,40,0
551,39,3922.38,0.1,3,546.1087833389392,0,12138.74,19,1
552,46,3815.24,1.1,1,466.9431150479852,1,8461.67,27,0
553,72,1749.3,4.1,3,643.4610715548923,0,38220.06,19,0
554,20,2585.94,0.1,2,664.884754062465,0,530.34,31,0
555,29,1758.68,0.7,1,633.86251576366,0,22229.72,47,0
556,43,1696.13,3.7,2,491.40636795961575,0,4800.12,46,0
557,33,747.01,4.6,2,525.4236255889334,0,27842.54,48,0
558,68,2478.16,1.8,1,623.4313988611553,0,17626.62,10,1
559,54,763.74,3.6,3,431.22585918756363,0,1903.4,31,1
560,39,2058.53,1.5,1,575.8865055612097,1,23318.22,17,0
561,74,1825.93,0.5,1,751.6905353335882,0,28743.98,43,0
562,46,6915.47,1.5,1,582.0044450819626,2,12758.87,35,0
563,31,1323.52,2.6,0,451.14553609680485,0,38392.84,51,0
564,45,1621.41,8.9,2,539.2590752323865,1,18866.91,12,0
565,22,2196.85,0.2,2,536.9307674322424,1,37592.65,57,1
566,64,1874.1,2.1,1,814.0308779836562,0,29161.28,39,1
567,66,8914.23,1.2,2,766.5679080513896,2,43528.03,13,0
568,47,1198.88,2.1,0,673.0935434101578,0,27572.78,37,0
569,63,2200.58,0.1,3,565.6924069258602,1,9688.55,59,0
570,69,3888.01,1.1,2,720.0629660979723,1,41218.26,36,0
571,22,6032.68,5.1,1,486.65403609495417,0,39260.24,34,0
572,29,2199.11,2.4,3,707.657531524426,0,48631.61,24,0
573,33,642.6,1.8,1,692.7973537420044,0,5132.3,6,0
574,43,2643.65,1.0,2,584.865426535072,0,29765.94,55,0
575,43,8792.22,1.1,2,713.9186313350772,0,24837.61,4,0
576,65,3735.92,1.4,0,555.277887053615,0,33708.17,35,1
577,38,3601.6,5.4,6,473.4914401901766,0,49018.9,11,0
578,56,1273.58,10.3,2,697.7965012999921,2,26847.47,37,0
579,53,1173.17,1.7,0,591.4757070860541,0,34444.06,40,0
580,50,3024.3,1.5,3,660.1780603298668,0,17687.07,33,0
581,47,952.32,5.6,1,782.0886591559406,0,15299.04,16,0
582,54,5569.66,1.7,1,527.7745927603703,1,17097.18,59,0
583,40,1514.26,2.4,2,585.6620495160025,0,2411.09,33,0
584,27,2922.73,0.8,2,756.9634504577714,1,14594.66,35,0
585,71,659.44,4.1,1,666.8731730855284,0,9060.85,46,0
586,22,2175.38,2.3,3,530.0217255795403,0,23142.69,55,1
587,53,1154.37,5.0,0,504.49822964605215,0,23310.83,18,1
588,51,465.18,4.6,4,547.1919359896655,0,38378.88,22,1
589,69,4598.45,0.7,0,526.1585295197121,0,25363.44,53,0
590,48,11080.34,3.8,4,623.734811948953,0,23422.54,52,0
591,27,7358.26,4.8,0,607.84345071976,0,11965.5,16,0
592,36,5142.8,1.3,0,627.9237754275351,0,42697.76,37,1
593,49,2140.3,0.6,1,515.9187198440218,0,5004.54,48,1
594,18,5680.03,0.0,2,592.9166092474745,0,49123.65,51,1
595,73,7935.35,1.8,2,394.43002260437834,0,24065.71,47,0
596,22,3325.77,1.3,3,614.5006317361366,0,9706.36,35,0
597,62,1155.76,2.4,3,717.5440644955866,0,18039.24,31,1
598,21,1999.18,0.6,3,457.52540906538195,1,1260.82,10,0
599,33,11639.47,5.9,0,648.3428230647461,0,8742.87,55,0
600,41,2807.94,0.9,1,538.8985648239437,0,17099.32,36,0
601,33,208.55,0.8,1,680.250115369337,1,27943.56,53,1
602,72,920.45,2.0,1,615.8647451212279,0,6909.3,49,0
603,19,2122.69,2.1,1,640.470411266044,1,33960.18,16,0
604,66,6827.13,0.7,1,606.4823898755441,0,42291.69,16,0
605,45,2395.87,1.0,3,732.8331806384352,1,28830.81,52,1
606,49,6929.52,0.6,2,634.7410477695103,1,15196.62,17,1
607,44,1956.81,3.8,5,529.4576285997549,0,6508.92,44,0
608,37,619.29,4.4,1,609.8715052321004,0,1268.99,52,0
609,41,2011.73,1.9,2,563.111895703395,1,36724.22,22,0
610,29,3928.28,3.8,1,616.2399906519589,1,31609.73,30,0
611,67,3675.93,4.0,0,558.0230287633187,0,24076.03,6,0
612,52,1092.16,0.4,2,532.3189264453686,0,5548.78,9,0
613,50,2250.8,10.2,1,619.9272212748446,0,10747.75,4,0
614,50,25533.32,5.2,1,605.5789628616553,2,40851.03,11,1
615,68,1111.41,0.7,2,706.3955845045848,0,24252.65,25,0
616,60,5057.25,0.6,2,558.5044120867187,0,48160.23,38,0
617,54,557.05,0.4,2,401.9146152504693,0,49998.62,14,1
618,29,5949.33,0.4,4,563.6129201536687,0,40135.0,25,1
619,20,1459.92,4.1,1,437.3569241083423,2,13280.09,33,1
620,18,4112.02,1.9,1,641.5671974096576,0,11940.19,44,0
621,50,1060.8,4.6,3,432.6102071651212,0,13054.9,13,0
622,57,3761.91,4.1,3,501.16289375858986,0,49345.86,3,0
623,27,1440.98,2.8,2,563.7665541725137,0,17099.35,15,1
624,60,1682.37,3.5,2,754.3950604761145,0,35469.11,41,0
625,61,4245.39,0.1,1,492.71098842850824,0,47971.38,31,0
626,46,2112.64,1.1,4,601.2404983146586,1,41070.01,8,0
627,30,4041.23,3.0,2,657.9976576957259,1,30081.39,33,1
628,29,2558.89,0.0,5,748.4060553220697,0,8863.79,11,0
629,48,3146.34,0.1,3,677.779475172141,0,9159.44,58,0
630,63,4255.93,5.7,3,709.3906951632465,0,24874.94,20,0
631,19,2252.93,3.5,1,686.4307058851541,1,47621.25,5,1
632,68,1343.67,0.9,4,479.0877028603861,1,45272.44,34,1
633,67,1947.2,3.5,0,635.9692104317047,0,8726.51,47,0
634,52,7755.14,4.7,1,684.8660952172222,0,14742.13,5,0
635,40,3271.29,1.1,2,504.349971032598,1,29646.16,47,0
636,34,1516.38,0.1,0,542.0240123275977,1,24132.81,32,1
637,43,4110.29,8.1,2,519.6807704872944,0,6408.46,8,0
638,25,4335.76,1.3,1,677.2622985968034,1,18780.71,52,0
639,46,4518.79,0.3,2,593.0718879670868,0,47758.36,29,0
640,43,1363.39,2.0,6,567.9154105664903,1,47596.39,4,0
641,27,1726.91,4.4,3,471.8330083347012,0,28191.58,22,0
642,43,1734.61,0.8,3,593.2605746806207,0,31945.43,19,1
643,51,2233.85,0.9,2,543.2411645015251,0,11484.36,35,0
644,68,4587.71,0.8,3,624.3339565264163,0,37226.66,19,0
645,58,3777.99,14.4,2,485.7032801354549,0,3098.56,39,1
646,24,4024.57,0.7,1,617.7906259506201,1,11423.77,31,0
647,21,8806.24,2.6,4,556.104922950118,1,791.24,11,0
648,70,5172.51,7.8,4,475.07030742648533,0,19592.21,6,0
649,67,2661.27,0.5,5,467.27159621218533,0,42587.93,48,1
650,62,1156.2,10.6,0,482.2979611977306,1,49134.07,42,1
651,28,1683.05,8.8,1,579.3600942559458,0,33553.92,57,0
652,46,2417.85,6.5,0,612.09954343635,0,37370.9,15,0
653,73,5786.62,0.7,1,626.9823632377181,1,13506.1,8,0
654,53,2916.49,3.0,1,630.7552917728448,1,26256.47,48,0
655,42,1763.48,4.3,1,524.14767390208,0,36960.61,11,0
656,38,1658.53,12.8,0,705.8402908095176,1,25115.15,28,1
657,74,2819.56,0.6,3,555.7774473991847,0,4883.05,51,0
658,53,6075.32,4.4,2,645.0149760059732,0,37172.78,41,0
659,27,10644.68,1.2,0,583.5844566506183,0,11368.44,43,0
660,54,2528.51,0.6,1,637.5621231703042,2,5336.03,49,1
661,26,2876.14,1.6,2,578.5671933855086,0,24163.87,44,0
662,41,1128.73,4.7,7,639.3634876574566,1,4193.15,16,0
663,52,14063.72,1.9,5,599.2611130119676,0,31657.46,50,0
664,66,971.85,2.3,3,681.3840570650689,0,32203.43,36,0
665,52,7610.85,16.0,0,518.1314956788801,0,13206.75,6,1
666,65,2225.49,1.5,1,423.0108664109422,0,48244.45,23,0
667,53,1845.5,2.9,2,502.6642580565903,0,41310.35,33,0
668,35,1226.59,1.4,1,706.8918415238034,0,5924.55,49,0
669,66,20497.1,1.5,1,584.544118011226,2,37551.35,45,0
670,56,3558.85,3.6,1,609.2062295546563,0,17977.2,23,0
671,49,3032.14,8.3,5,494.6363385953613,0,37639.28,45,0
672,41,6059.52,2.3,2,606.5553725150279,2,40139.34,31,0
673,40,1771.06,4.4,1,497.71873559273035,0,7993.21,57,1
674,49,2985.36,0.3,3,512.4218724947245,0,33261.18,26,0
675,54,3118.38,0.7,5,559.751631717612,0,43205.13,47,0
676,29,1978.87,2.1,1,644.5097257842145,0,16506.99,18,0
677,66,7783.1,0.1,3,655.184758064251,1,4476.25,11,0
678,72,2502.58,0.9,1,657.9044897937837,0,1849.74,23,0
679,30,860.48,2.2,3,441.1915884955626,1,5945.05,4,1
680,40,2342.1,0.0,5,599.3335499609739,1,708.19,4,0
681,42,3638.56,0.9,2,580.3218166617264,1,16683.82,39,0
682,52,1458.56,2.2,1,446.78175839185445,1,15316.77,39,0
683,58,1553.59,2.6,0,601.5983766722198,0,5961.89,7,1
684,47,1925.6,7.8,1,574.9572782563239,0,32730.33,48,0
685,34,7918.75,3.1,3,651.1525672117888,0,49599.36,8,0
686,66,2018.83,1.6,4,608.1247076239803,0,45095.86,50,0
687,37,9351.51,8.0,1,545.0679469716747,1,13016.1,50,0
688,65,1822.64,4.6,5,692.5762450456978,1,38614.09,10,0
689,42,3866.14,0.7,2,377.87664992248756,1,46874.73,34,0
690,39,2086.0,0.4,3,593.5734871570389,1,45365.03,39,0
691,30,5449.43,3.4,1,423.6749068008064,0,44285.2,15,0
692,36,1218.51,2.5,3,508.780672879388,0,39429.3,5,0
693,66,5400.72,4.7,1,652.4813703009349,1,15003.08,11,1
694,53,3265.26,4.0,5,472.5802519559197,1,4636.37,6,1
695,29,1786.49,2.9,4,457.6282181296065,0,24647.06,30,1
696,58,2609.78,12.9,2,838.1944983415624,1,3212.16,42,1
697,36,10168.85,2.3,3,464.07109485798355,0,49924.45,18,0
698,29,3328.5,0.4,1,765.0520903087973,1,18236.33,59,0
699,26,1699.04,5.3,2,582.7797835420739,1,47937.83,13,1
700,24,1137.11,0.9,1,547.5170878561024,2,38769.49,57,0
701,45,4466.33,4.5,5,656.6786390588205,0,20858.9,21,0
702,31,3486.58,9.4,1,733.6594075544499,0,6356.41,44,0
703,48,5197.93,3.6,2,485.39320578916715,1,12241.06,24,0
704,69,925.39,2.7,0,548.9750210271469,1,33815.71,41,1
705,36,1167.0,1.9,1,684.6869734684252,0,41581.79,14,0
706,64,7461.44,1.4,0,628.7994312427,0,48982.3,57,1
707,33,3885.76,1.3,3,710.1917830641382,0,7042.03,32,0
708,70,4567.5,3.0,0,651.5111954431779,1,8219.39,42,1
709,22,1380.02,4.2,4,780.8224009149149,0,2600.75,44,0
710,52,1359.96,3.4,1,617.8588598833651,1,13388.04,7,0
711,29,6588.01,0.7,2,622.1811148330962,1,41142.84,39,0
712,42,6841.09,2.0,2,632.1721372015799,0,10313.71,47,0
713,69,1248.06,4.7,2,585.7511148273442,1,27619.31,34,0
714,38,1071.17,1.9,1,684.8087158800924,2,22597.16,36,0
715,53,2732.92,2.3,2,623.7041223863026,2,16628.4,14,0
716,70,1572.66,4.4,0,678.8180009145144,0,31108.15,45,1
717,40,1546.67,3.2,5,694.449985362416,0,25365.13,4,0
718,33,1095.42,1.6,4,642.8454681560328,0,17070.78,49,0
719,74,2049.3,6.8,4,650.1716324234196,0,34598.12,54,0
720,56,1183.52,0.5,1,498.96702124034664,0,14358.43,9,0
721,62,1241.01,16.2,1,544.9646412180178,0,32337.58,34,0
722,70,3784.67,0.4,3,684.3383452990731,0,47883.67,42,1
723,59,2852.19,0.0,1,742.3631181818514,3,36583.12,37,1
724,56,4393.59,6.6,3,405.95697744916396,0,21210.78,51,1
725,31,796.94,0.8,0,543.2136852748586,0,37504.19,54,1
726,48,3004.61,3.9,1,602.362060241465,0,40557.47,8,0
727,22,15685.78,5.0,3,512.0725537919323,0,16629.1,24,0
728,52,2213.17,5.9,2,517.7480355818317,0,35404.04,27,0
729,40,5766.38,14.3,3,647.4919873793805,0,22002.61,49,0
730,46,5726.19,1.0,2,758.1375969171434,1,41016.86,15,0
731,60,5956.03,3.7,1,396.8176443677859,0,15121.19,25,0
732,28,3406.12,0.4,2,582.9523851018304,0,46919.1,47,0
733,35,4688.5,1.6,1,646.3280341790388,0,28951.95,46,0
734,64,5214.56,5.7,1,678.0213972200241,0,17988.51,48,1
735,29,4956.01,1.4,3,631.9127343069039,2,21258.88,11,0
736,26,1219.34,2.7,6,776.1402549936115,0,17716.03,44,0
737,27,760.59,2.1,1,602.8906593325794,0,7739.19,39,0
738,61,860.17,3.1,2,731.1992790392097,0,3890.37,55,0
739,34,2401.56,10.8,5,535.3632329654031,2,16428.05,39,1
740,55,4794.1,0.2,2,605.798294658885,0,23205.18,55,1
741,24,1232.09,2.6,0,478.72849242011495,1,18409.94,32,1
742,63,6242.75,6.0,4,690.0864440548994,1,1189.02,22,0
743,30,1994.56,2.0,1,587.9557137358823,0,29160.81,40,0
744,57,2009.81,0.2,1,635.7821062519898,1,7668.42,46,0
745,59,1527.08,2.5,0,568.6631368714926,0,10944.76,51,0
746,26,659.95,1.2,1,658.6428501659016,0,6477.05,18,0
747,67,3581.19,0.5,3,639.7433973855752,0,26261.42,52,1
748,44,11732.69,5.7,3,500.53485700287933,1,5210.38,59,0
749,19,2835.2,2.2,2,506.32325674169897,1,13189.68,24,1
750,22,678.24,8.1,0,597.2231269658648,0,22859.58,40,0
751,46,5565.12,4.9,2,665.9573957406658,1,8801.59,12,0
752,54,812.54,3.5,1,786.2895553113848,0,22588.95,22,0
753,55,1133.17,0.0,3,630.2990856665729,0,17465.39,55,0
754,36,2463.48,1.7,0,700.753140248854,0,43099.56,43,0
755,25,3288.79,0.7,1,438.7149065235831,1,39847.71,4,1
756,65,1330.18,7.3,3,801.2955849433982,0,49646.3,5,0
757,62,2387.85,0.6,4,660.5686211129192,0,26681.13,44,0
758,18,5282.37,1.0,0,595.039548884122,0,28982.16,10,0
759,39,5894.31,2.2,2,583.5303952542074,1,47358.97,11,1
760,69,8112.53,0.9,1,489.2800202141002,0,20279.81,30,0
761,34,13732.7,0.7,1,517.8713204279829,0,28006.29,23,0
762,24,5698.23,2.7,2,791.0435632133414,0,19264.73,53,0
763,42,2506.42,0.3,1,501.0995561713987,0,27520.1,35,0
764,62,5928.05,0.2,4,499.17322421336553,0,4497.94,36,0
765,21,4330.22,1.4,3,529.7779513924421,0,39297.81,54,0
766,53,4469.78,3.8,3,480.1819247038727,1,49271.36,6,0
767,23,3435.01,2.4,3,601.530657484551,0,3754.15,50,0
768,48,1437.06,1.6,4,708.8910512665238,0,40151.47,55,0
769,36,1309.66,2.5,1,538.9507673727967,0,12465.87,27,1
770,61,2758.12,1.4,3,462.66757202391784,0,10278.58,34,0
771,71,3358.09,8.3,3,629.1861313014654,2,34821.83,14,1
772,56,1730.99,0.2,3,594.4225662320187,0,2684.55,4,0
773,44,4182.54,3.4,4,700.2724550081625,1,23430.35,49,1
774,27,15750.27,6.7,1,554.5491700697729,1,571.5,52,0
775,43,738.44,4.9,1,573.9843220373325,0,27942.5,50,0
776,36,4749.5,0.6,0,585.0469635456731,0,23373.04,55,0
777,56,2827.7,1.1,6,608.9004110553482,0,45816.39,14,0
778,20,4274.94,3.8,0,560.7438322642411,1,36153.46,52,1
779,62,2112.08,0.3,1,544.5355891953991,2,6737.31,48,1
780,30,2652.22,5.0,3,414.96223151181584,0,18049.73,28,0
781,67,3306.35,3.8,1,543.4612790879883,0,46613.2,23,0
782,45,2341.84,3.9,2,671.5223268081752,1,36404.04,46,0
783,37,883.21,0.3,1,685.0245519368885,0,29916.62,39,0
784,45,2472.21,3.8,1,552.88869764087,0,28174.04,57,0
785,25,959.92,3.4,2,729.9485998181763,2,20205.87,38,0
786,58,5026.88,5.3,2,597.1295928299645,1,29467.47,20,1
787,56,670.19,0.1,2,466.2153628184052,0,38697.39,26,0
788,18,6788.08,0.1,2,434.7615943545744,1,6813.11,32,0
789,20,4203.41,1.4,2,721.8257922619727,0,48506.62,19,0
790,30,4216.29,0.5,2,562.6996274738926,1,12348.56,18,1
791,45,527.71,2.5,4,478.5935476927421,1,22663.26,44,0
792,74,2291.86,7.5,1,374.0723828564465,0,1624.42,19,0
793,66,7501.44,1.5,1,560.4283889124857,0,27742.12,46,0
794,42,1968.67,5.6,2,640.4750858996362,1,19402.41,14,0
795,73,1258.34,0.0,2,530.2308855953795,0,12862.92,29,0
796,50,1791.24,0.6,3,494.67548398661285,0,49283.45,57,1
797,55,2822.5,0.1,2,545.0624231393273,1,21692.99,6,0
798,70,1508.55,1.2,1,724.3192019144856,0,21007.67,37,0
799,23,7998.86,7.2,3,460.70183823248095,0,23423.61,3,0
800,61,2830.66,0.3,5,535.8298969577482,0,6249.61,14,0
801,62,1911.31,2.8,2,721.0757739617591,0,19958.26,31,1
802,49,1052.5,1.8,3,649.4176289423754,0,17152.01,10,0
803,62,4392.08,8.4,1,617.9127813778956,1,23523.66,10,0
804,64,4312.76,0.4,4,535.1553864583751,0,42902.75,14,1
805,38,1581.66,0.7,3,603.0504814500428,0,10042.88,38,0
806,33,498.17,0.1,2,546.2170931546699,1,30583.1,50,0
807,71,4140.66,1.7,3,514.0613868929249,2,2363.04,36,0
808,38,2567.16,1.0,2,491.994252469826,0,16181.23,38,0
809,28,3900.49,6.1,1,678.4095596372498,1,23896.55,57,0
810,54,14267.5,2.8,1,593.9593867783865,2,4176.82,6,1
811,53,2917.65,2.9,3,631.4513743802696,1,27426.41,13,0
812,52,1976.2,2.3,4,615.1673185801403,0,15861.12,5,1
813,36,1190.52,0.3,5,644.0918827808359,1,49644.1,12,0
814,37,2321.72,1.8,3,574.5281210014108,0,31732.99,14,0
815,74,3389.58,22.8,2,551.8342548945426,0,12586.67,51,0
816,35,3110.83,5.4,0,518.4719670608878,0,5582.33,11,0
817,64,11834.48,6.7,3,458.60308665928864,1,2515.63,23,0
818,58,4443.81,5.2,3,487.79668293770834,1,4993.28,36,0
819,66,2676.22,0.3,3,563.4582278899778,0,34162.95,24,0
820,31,1693.84,0.8,1,439.6960515564522,0,42822.12,20,0
821,32,3689.84,0.0,2,461.771409586397,0,8258.29,46,0
822,48,1442.88,1.1,3,704.2139892635178,0,20405.66,8,1
823,18,3442.2,0.3,1,622.4179484853793,1,18034.65,27,1
824,70,4402.51,1.9,4,554.8163271796479,0,32403.65,52,0
825,71,2506.99,3.4,2,827.1574458904561,0,9542.56,47,0
826,71,1800.41,6.2,2,435.17502812869714,0,47689.31,17,0
827,20,518.93,4.1,2,697.5611276461822,0,36563.54,3,0
828,33,7443.3,8.4,1,588.8533917220584,1,47776.06,57,0
829,40,4116.01,0.2,2,678.5047022912812,0,14229.78,42,1
830,74,4196.87,0.0,1,610.8953717270807,0,29591.92,20,0
831,28,854.84,3.2,5,412.7754937754743,0,36747.26,54,0
832,29,8990.03,1.0,3,609.5460467558828,0,35692.33,58,0
833,27,2054.58,0.9,1,633.5555854639598,1,1556.63,46,0
834,49,2366.02,1.2,2,380.8014701475586,0,49915.31,33,0
835,33,1267.21,0.9,3,794.4048293801898,1,46438.97,22,0
836,25,713.69,2.1,3,631.1207594172772,2,6427.73,46,0
837,55,7524.18,1.7,5,667.1987740136495,0,27406.56,27,0
838,29,8343.83,2.2,1,483.44706104236883,0,16070.54,35,0
839,41,2611.23,3.4,0,669.0617522145618,0,44005.25,12,0
840,45,1731.07,1.5,0,708.9504459563055,0,35027.22,31,0
841,70,2204.74,0.9,4,625.3568228137846,1,11564.1,57,0
842,25,2253.65,0.5,0,599.0628441479236,0,2176.13,21,1
843,45,1141.52,1.3,1,510.6411875101584,1,14941.22,30,1
844,53,2359.48,4.1,1,578.3793082216674,0,2387.8,29,0
845,43,3369.37,4.2,2,548.7970485740719,2,7494.88,21,1
846,25,6731.32,3.3,1,657.1995637392685,0,31988.83,45,0
847,67,3015.12,0.8,3,515.0124074882598,1,37381.71,57,0
848,45,844.65,2.7,4,656.4650721503557,0,23666.84,33,0
849,45,3955.41,2.5,2,516.1014437270344,0,30214.25,56,0
850,54,2429.05,2.0,3,573.7647445839982,2,8216.31,37,0
851,58,8922.47,2.4,2,661.6044397012816,1,16181.36,16,0
852,53,9354.06,2.0,2,529.6203280013956,2,35787.75,52,0
853,44,9619.65,2.5,2,665.0536488977602,0,18562.11,8,0
854,71,1902.13,3.8,2,655.2994157671368,1,17766.16,57,1
855,34,14645.44,0.3,4,572.9049326623057,0,10102.64,11,0
856,26,3947.17,4.2,1,716.1783201355789,0,29943.83,59,0
857,50,10950.11,0.4,1,607.7784341977115,0,40572.16,43,1
858,70,1994.01,0.2,1,710.227652658535,0,23737.53,29,0
859,37,2347.54,11.2,5,779.3464924877178,2,6219.19,19,1
860,30,3711.61,9.4,4,575.8698978298688,1,41999.19,38,0
861,45,3366.07,0.2,1,664.4954984027397,0,4034.16,6,0
862,65,8134.34,1.8,2,536.2432074677124,0,23850.5,26,1
863,46,2475.74,0.6,4,496.71855904918016,0,13423.33,53,1
864,30,7568.06,2.0,0,580.4540342613572,0,46847.75,18,0
865,63,5355.01,5.3,3,463.7399720250537,0,37008.39,19,0
866,52,2513.13,9.0,3,506.239222035269,0,28537.24,5,0
867,23,5032.85,3.0,3,659.1432599321067,0,33553.89,56,0
868,35,2041.39,1.3,4,548.6350984551161,0,26870.0,41,1
869,68,19538.94,2.8,2,671.0514087121861,0,7806.25,59,0
870,22,353.73,1.1,2,629.9411938017487,1,35600.38,39,0
871,64,5106.93,7.2,1,785.1154062019116,0,24887.36,55,0
872,42,726.56,6.1,3,652.4337285576046,0,31898.31,5,0
873,19,2488.6,2.5,3,711.4218070279314,1,2737.48,46,1
874,27,2783.64,1.2,2,640.1884663127546,0,7530.72,53,1
875,73,9957.75,1.0,2,631.1393501078072,0,29673.84,43,1
876,47,1713.47,0.1,2,716.4733042113315,2,23241.73,37,0
877,67,8488.01,5.1,5,666.8797465865265,1,11730.25,5,0
878,62,1160.9,1.8,3,621.0063612957429,0,12417.67,18,1
879,22,8754.61,1.2,2,620.5654665929718,0,31767.09,59,1
880,72,2039.63,1.9,3,653.8229311830416,0,3418.87,22,0
881,73,3161.33,5.1,4,532.8626480540115,2,21995.79,47,0
882,50,2277.64,0.4,3,528.6200533861302,0,26393.62,8,1
883,71,8315.62,5.8,1,742.5405932372933,0,15753.06,35,0
884,18,7116.65,6.8,0,786.4413663859998,0,41117.22,45,0
885,35,4250.54,8.8,7,507.11175415898344,2,3310.09,52,0
886,49,1186.19,1.5,2,533.1005567560296,0,43356.25,29,0
887,64,1682.41,0.7,4,714.2522819504145,1,36301.52,32,0
888,66,1309.16,1.4,0,653.3519993142396,1,22589.59,37,0
889,28,493.48,1.2,1,667.6428105320922,0,46261.14,20,0
890,38,8176.79,0.6,2,689.6601294853057,0,35260.8,32,0
891,43,2293.29,2.8,1,575.9267838255925,0,46586.74,45,0
892,42,2273.79,1.9,0,632.9969924990187,1,23893.19,28,0
893,39,9866.32,6.0,1,625.2192150698093,1,22922.17,17,0
894,44,2036.95,0.1,1,514.1508399754539,0,26771.76,34,1
895,66,1521.76,3.1,0,631.5090943215704,2,3738.62,37,0
896,30,2490.41,4.3,2,723.7710696149668,2,45470.47,14,0
897,50,1204.55,4.3,3,566.5866761156639,0,33551.99,23,0
898,51,3926.42,6.5,2,615.2569248740934,1,31070.49,14,0
899,58,2210.71,3.9,8,620.6708916010856,1,46359.95,51,0
900,52,1986.61,7.9,1,571.533544956473,1,49685.04,3,0
901,18,1853.59,1.2,1,667.6901237694358,0,8587.97,13,0
902,38,2738.11,2.1,5,531.9934368745013,1,37575.35,57,1
903,65,3186.84,0.0,2,733.2645518695934,0,29207.29,27,1
904,72,1966.52,0.0,1,662.6205561632246,0,23319.36,49,1
905,23,2237.22,0.8,2,506.32313993271055,0,48891.82,11,0
906,45,2792.75,0.3,2,769.8009684886254,1,42588.02,41,1
907,34,2576.19,0.9,3,616.8101461261596,1,34989.12,45,0
908,22,3056.0,0.6,3,527.7052482764948,1,19442.47,29,0
909,48,1734.83,0.1,1,710.4554524991191,0,33469.02,31,0
910,22,6658.67,7.2,1,649.4671519448025,1,26818.86,52,0
911,55,3221.05,0.0,4,422.8040295765962,1,12843.74,29,0
912,20,1992.06,4.0,3,547.4339682756147,0,22793.88,57,0
913,70,3926.51,0.5,2,627.9097337221543,2,11004.49,30,0
914,40,2808.78,7.3,3,384.0433322357341,1,25270.8,59,1
915,54,744.67,6.7,3,608.5070085387395,0,36151.78,41,0
916,70,3915.75,3.2,1,615.797937270526,0,2313.99,20,1
917,54,1318.69,3.3,3,481.65081176241773,1,38386.3,17,1
918,27,6295.2,0.0,0,627.0644886259963,0,1489.7,18,0
919,27,2456.76,12.6,1,600.7463839125033,1,26105.25,49,0
920,36,5563.91,6.3,3,480.87058941149854,0,28887.1,25,1
921,34,1800.51,6.8,0,691.9560546862825,0,38181.55,32,0
922,38,3152.48,3.2,2,683.7853794767805,0,38170.93,38,0
923,31,7849.42,1.3,3,571.0262913147639,0,21164.04,58,0
924,26,2403.75,6.7,4,580.1418676608176,0,3785.44,37,0
925,63,1858.17,1.0,1,672.6263937595345,0,34828.26,30,0
926,18,5034.31,2.5,3,579.9336856888193,0,25793.81,48,0
927,68,4956.87,0.3,0,406.9091799479845,2,16986.39,55,0
928,62,1921.77,7.7,1,648.6936557399928,0,12126.25,5,0
929,30,608.89,0.5,1,518.6740679261492,0,6428.03,57,0
930,21,1829.84,0.8,3,561.0156945582406,1,15109.55,18,1
931,18,5125.01,2.5,2,745.7870567951476,0,23195.24,17,0
932,66,1603.55,4.3,0,586.6021525991202,0,24141.65,21,0
933,57,2954.99,2.9,2,600.1734935873873,1,29345.58,12,0
934,49,1761.66,0.8,2,650.9667275463597,0,18442.19,55,0
935,51,635.41,0.0,4,650.5333943874032,0,46034.94,51,1
936,45,1736.48,4.2,3,508.0802232622217,1,25045.55,6,1
937,48,5107.71,12.6,5,593.9701484465626,2,21474.39,24,0
938,25,447.55,5.0,2,603.6152527925827,1,2884.31,20,0
939,56,3647.27,1.8,4,627.2026896628827,0,30151.25,24,1
940,43,1154.18,7.0,3,628.9221940916619,1,30342.01,44,0
941,51,4850.1,1.6,5,850.0,0,29372.84,57,0
942,71,5278.81,2.2,0,482.41402294127556,2,44436.05,18,0
943,71,2597.86,1.9,1,698.0091620197957,0,38263.59,58,0
944,20,2602.6,1.8,2,718.3375805833059,0,43436.58,5,1
945,67,1563.86,4.5,2,649.2783973923528,1,3441.42,46,0
946,29,1015.9,2.2,1,534.9684605126926,1,16247.26,53,1
947,18,11596.68,1.1,3,766.4668030267626,0,16276.24,55,1
948,71,1492.1,0.9,6,380.8017135259802,0,33023.73,37,0
949,61,10448.74,0.1,5,531.6733302782173,0,22706.44,43,0
950,22,1498.77,2.6,0,717.1682197222812,1,38984.89,41,0
951,47,4537.59,0.8,2,562.9888396577483,0,19529.31,18,0
952,47,1199.61,0.5,0,759.6464524800185,0,11469.58,23,0
953,74,4531.08,3.2,3,448.81952553215996,1,14902.08,23,1
954,34,2297.39,3.4,1,488.7898106051992,1,9532.25,3,1
955,65,2321.54,4.2,4,546.8361829873025,0,10295.69,59,1
956,64,4856.23,2.1,2,641.7399277536529,0,11233.53,32,1
957,40,2048.14,6.7,3,577.7979849619977,0,1296.69,49,0
958,32,950.97,8.3,0,550.9600747437579,0,35946.36,36,0
959,54,5481.01,4.9,2,742.0396431098524,1,20280.32,50,1
960,38,1191.87,3.0,2,751.3444975389151,0,1622.23,41,0
961,31,4506.22,1.1,1,558.5620234292444,0,18815.37,48,0
962,19,6492.46,12.2,4,429.0232192670337,1,45315.72,25,1
963,28,2207.48,1.0,1,384.251617081262,1,25806.59,36,0
964,68,7676.22,0.7,1,623.9290114780356,1,49344.22,58,1
965,56,4382.73,1.8,1,665.5955622218797,0,27227.99,32,0
966,55,1708.4,0.2,3,606.2997785578546,0,48158.55,58,1
967,51,9146.65,11.5,2,592.9091892919241,1,10489.14,59,0
968,55,1195.91,2.7,0,519.5457385305917,0,14851.77,52,0
969,67,2205.35,2.4,6,665.4979793913839,0,35148.52,35,0
970,51,2527.4,3.2,2,767.818537889891,0,49347.67,18,0
971,35,4837.62,2.1,1,378.3122322664444,0,41352.22,43,0
972,47,7276.07,0.1,1,592.2498811212284,1,27908.41,32,1
973,32,6920.43,2.8,4,502.96516505863997,0,4715.05,5,0
974,44,3565.28,3.8,4,450.95340059461483,0,18536.77,47,0
975,68,2382.21,1.6,2,487.0024129215584,1,4778.07,4,0
976,51,691.74,4.2,5,637.9672855684405,0,15908.43,28,0
977,69,1041.78,0.8,1,640.4962197591166,0,13310.21,20,1
978,74,12250.53,0.8,0,746.02877611748,1,19733.49,4,0
979,55,686.18,0.5,4,600.8781547145461,0,41945.19,42,0
980,50,1591.46,1.4,7,424.1778370130421,0,7943.65,5,0
981,41,7447.88,5.6,3,576.1830457624028,1,15650.17,19,0
982,32,3525.48,5.3,2,461.3620927784216,0,13425.3,26,1
983,47,6263.13,1.4,1,479.3204113577995,0,15159.01,4,0
984,72,4602.08,2.7,2,658.0559058406495,1,18350.86,8,0
985,59,9659.2,3.8,1,619.418090559442,1,12593.43,42,1
986,68,3775.7,0.8,1,658.7565595435331,1,47157.77,28,0
987,34,5068.29,0.6,3,564.2507152728272,0,21295.03,59,0
988,22,1670.04,10.7,3,679.0529563425356,3,6148.61,51,0
989,46,4765.06,2.9,6,558.6597101709889,1,23649.1,59,0
990,21,2171.34,12.0,3,711.6682832742247,0,9629.38,58,0
991,27,2074.58,1.2,1,634.4638939471542,0,11198.47,8,0
992,73,6098.38,3.6,4,579.3003129515382,0,14609.55,14,0
993,34,6132.14,0.8,3,621.2093044176097,1,6675.61,23,0
994,27,11507.49,0.9,2,598.2139299025082,0,36195.39,18,1
995,34,10922.83,2.2,7,759.6106515312923,2,39701.35,8,0
996,37,6209.6,1.2,1,624.5437622578789,1,20017.1,36,1
997,41,752.68,0.6,0,599.8387327605492,1,34605.13,5,0
998,22,12863.44,0.9,1,576.1509142949201,1,19753.24,43,0
999,51,6212.84,0.1,2,684.3184219245011,1,8621.83,21,1
1000,23,1615.36,3.7,5,670.7913339053505,0,20159.82,31,1
1001,70,5340.78,2.0,1,572.6158369687372,2,28070.88,34,0
1002,19,1300.09,0.3,2,484.43584853771915,0,2529.22,12,1
1003,30,4889.79,0.6,1,509.80318616216465,0,32896.98,57,0
1004,60,1040.01,0.3,2,581.5837460457803,0,37259.09,29,0
1005,60,1561.54,2.8,1,734.8927506119082,0,43068.53,31,0
1006,65,5260.3,0.3,0,574.9823370753086,0,5587.14,15,0
1007,28,7032.58,4.2,1,540.5876390034435,1,504.63,22,0
1008,68,3867.45,0.1,4,423.92806867513536,1,4126.69,30,0
1009,64,2371.0,0.9,0,751.3541435602297,0,46243.78,29,0
1010,74,549.0,6.6,2,656.902814598146,0,38395.01,15,0
1011,40,2521.94,3.8,3,679.6009970005857,1,41854.06,27,1
1012,72,4567.8,0.2,1,696.1688051929375,0,26092.18,31,0
1013,33,2313.66,5.2,2,583.5269771241037,0,26572.63,54,1
1014,48,2927.6,2.0,3,608.4590633747536,0,15276.03,17,0
1015,28,2569.6,5.6,4,748.8601941951995,2,42216.28,47,0
1016,71,2304.54,2.8,3,617.9580889319137,0,41573.59,47,0
1017,33,3167.51,3.4,5,658.7525290063994,0,19912.48,32,0
1018,25,2396.69,15.1,1,687.0550717200512,0,16798.72,40,0
1019,21,9458.15,0.8,2,664.2931332422644,0,37049.48,34,0
1020,57,510.23,2.9,2,587.1830829733506,0,1795.32,52,0
1021,21,1926.24,1.9,2,596.611615718608,0,43067.47,9,0
1022,73,1485.93,0.1,3,677.7640437975942,0,22589.28,37,0
1023,42,3552.08,0.0,2,677.6002859934727,0,22346.54,35,1
1024,20,3170.73,0.4,2,716.8232599019461,0,33619.35,14,1
1025,49,10913.49,3.1,5,655.1096983309839,0,32464.59,25,1
1026,20,14198.81,2.5,2,659.6605613592055,1,13665.72,7,0
1027,44,1606.05,2.4,2,555.3766633215553,0,47192.29,45,0
1028,46,2982.15,0.1,3,541.8850488928099,2,49323.33,46,1
1029,49,3487.86,1.9,1,678.0630674351495,0,26536.46,57,0
1030,67,1574.59,7.8,3,542.5814931983625,2,28288.35,33,0
1031,68,4928.08,1.5,1,597.9298996883138,0,27938.74,18,1
1032,36,2461.17,2.9,2,737.902324097129,1,24546.48,35,1
1033,38,1268.88,4.5,2,722.057029234509,1,47286.76,55,0
1034,22,2383.55,4.6,2,630.1788830797184,1,12615.25,52,0
1035,35,1341.92,2.2,2,570.386042016629,0,5843.93,3,0
1036,45,6831.62,5.9,5,587.6621089656495,1,46512.59,24,0
1037,59,13646.62,1.5,3,686.7660141055615,0,11045.4,30,1
1038,39,3625.89,6.6,0,596.3500722553835,1,37583.19,7,0
1039,38,3258.5,0.8,1,544.1717606989736,0,10591.73,6,0
1040,23,3367.57,1.0,1,721.5774756407974,0,48029.21,3,0
1041,18,7675.49,0.2,0,618.1600139129281,1,39660.53,17,0
1042,22,7544.39,4.8,2,542.2744179008254,1,45976.55,39,1
1043,58,2717.53,1.6,4,647.8940188932631,0,47573.75,41,0
1044,29,3648.5,0.8,3,697.1218413192508,0,4679.01,51,0
1045,43,5024.68,0.8,0,499.23269352122395,2,21952.75,54,1
1046,63,1199.73,7.0,1,579.9546086647065,1,32580.97,40,0
1047,51,7864.28,5.4,3,575.3316632411588,0,40221.58,47,0
1048,66,11942.58,2.4,3,645.2287165783476,1,12452.85,26,0
1049,31,7570.59,2.9,2,663.2008322859858,0,45772.94,25,0
1050,43,1100.51,1.9,1,544.8526088720514,1,11438.33,49,1
1051,62,616.46,1.5,1,450.72488240939754,0,43375.73,9,1
1052,44,5255.21,7.4,0,703.17987545994,0,25879.27,58,0
1053,26,1622.7,0.4,3,488.00547294227874,1,26013.4,33,0
1054,43,3750.73,1.6,2,627.1184205043877,1,19013.28,9,0
1055,74,10179.38,1.3,2,586.8019101269317,1,5623.51,15,0
1056,64,1762.41,2.1,3,616.2443905204075,1,17680.96,6,0
1057,74,2203.84,1.8,1,765.1233971706858,2,21623.47,56,1
1058,39,3719.63,2.2,1,850.0,0,24211.54,20,0
1059,64,1055.73,0.5,3,436.65625886013913,0,37085.22,42,0
1060,73,1625.73,2.2,3,698.3906155332924,1,17927.47,21,0
1061,47,3040.83,0.8,3,584.3752227322354,0,20626.35,18,0
1062,60,2344.05,0.6,1,704.7854513712552,1,45351.88,54,0
1063,65,4849.96,0.2,0,695.7263076179164,0,37752.08,20,0
1064,34,27249.32,4.3,3,740.9744807198164,0,1631.36,18,0
1065,43,3227.01,1.7,2,628.4964915162698,0,40698.39,50,0
1066,53,1520.25,3.0,2,511.0423515044976,0,49502.22,33,0
1067,18,9270.5,3.9,3,692.764948870962,0,47018.5,27,1
1068,25,836.26,3.4,2,611.7997576144064,1,41879.82,4,1
1069,66,981.3,1.9,6,576.6156784865867,0,31644.1,48,0
1070,52,1851.81,1.5,1,552.3776119295038,0,14270.51,56,0
1071,69,2377.23,1.4,3,700.6335569105129,1,32894.32,53,0
1072,32,1816.64,3.1,3,760.3369492007378,1,34931.83,30,1
1073,64,2906.75,2.0,1,480.4647441300366,0,14437.13,18,1
1074,73,3713.74,5.7,1,662.1952242478931,1,13138.82,56,1
1075,39,7010.52,6.2,1,562.7612814577354,2,20147.73,38,0
1076,31,3206.55,0.6,1,453.2727601807886,1,32236.77,47,0
1077,43,1901.58,0.4,3,614.7705820763008,1,15006.58,42,0
1078,45,6712.43,3.0,2,516.6862219810439,0,28005.49,37,0
1079,40,1549.72,1.1,2,442.2246772199802,0,45012.25,26,0
1080,31,807.48,0.1,0,521.8259527775465,1,15107.47,37,0
1081,41,7822.54,6.6,1,497.22260820861464,0,48315.7,32,0
1082,19,7431.5,0.8,5,535.3313146936608,0,23930.72,39,0
1083,62,1581.55,7.9,0,467.4115923046311,1,5494.96,13,0
1084,43,2166.18,3.8,2,560.4859891373786,0,3224.45,47,0
1085,31,1431.47,4.3,5,528.6750871916028,1,17264.39,36,0
1086,73,3871.12,0.7,1,637.5613877145657,0,13308.57,40,0
1087,68,11916.03,0.8,1,659.3538986398315,0,42263.81,41,0
1088,24,5230.73,2.2,2,626.0148576778441,0,37013.1,26,0
1089,20,6826.58,0.6,1,576.4555542126491,0,44285.04,31,0
1090,64,5743.26,1.1,0,573.7572404307685,0,29668.05,6,0
1091,40,2980.67,1.2,3,516.2925012588635,0,22055.13,43,0
1092,63,7091.64,0.5,0,518.7005340590063,1,13893.11,52,1
1093,60,5410.11,0.7,1,670.3603868078736,0,29363.89,32,0
1094,64,9429.11,4.7,2,424.0297401349536,0,31092.23,16,1
1095,62,2063.92,0.5,2,591.9275061687058,0,19950.9,26,0
1096,35,742.12,0.1,0,567.6470938438799,1,46861.47,40,0
1097,55,6878.81,3.0,3,659.9132101374893,0,32177.75,54,0
1098,52,3943.47,11.2,2,457.49880165776494,2,41955.32,36,0
1099,68,2352.33,1.2,0,601.248070548594,1,31209.34,38,0
1100,32,2459.9,0.4,3,634.2984341359107,2,16168.57,17,0
1101,42,23011.49,2.5,3,409.52687813760053,1,36962.65,37,1
1102,72,1783.34,7.1,2,492.5672027138263,1,11897.6,31,1
1103,54,1506.22,4.6,4,590.8210153187209,0,30032.16,38,0
1104,45,3191.44,2.9,1,651.4146907634305,0,20417.13,6,0
1105,27,7664.79,1.1,2,618.24993111127,0,7919.3,17,0
1106,56,18448.19,2.3,3,656.0454252949808,0,20955.41,13,0
1107,74,5043.68,0.3,2,492.0627487359345,0,15858.9,57,1
1108,34,1078.87,3.4,4,441.12496502719733,1,6054.99,51,0
1109,56,14424.62,3.9,1,608.4505805756789,0,41279.5,17,0
1110,39,2934.89,10.1,1,477.0646761785885,1,25179.84,59,0
1111,43,1525.13,0.9,5,513.4677673952197,1,17644.64,23,0
1112,61,1257.0,0.1,3,693.2278354826374,1,25495.73,37,0
1113,42,5820.04,2.4,2,618.9099556766852,0,37851.86,25,0
1114,34,3608.56,3.7,5,543.1855094744585,0,1405.62,57,0
1115,30,3928.69,4.7,4,530.1968495359037,2,27564.21,58,1
1116,37,8343.2,0.6,4,662.0921556889165,0,24217.96,12,1
1117,42,1569.13,0.9,5,621.1970935649983,2,44706.97,6,1
1118,21,8892.15,2.2,3,478.5443357677309,1,28020.6,47,0
1119,27,1967.81,1.2,3,405.2176266899053,2,7297.48,27,1
1120,20,16834.84,5.9,1,788.180183264015,0,19739.82,4,0
1121,58,4812.59,1.9,5,477.75207746824424,1,31242.93,40,1
1122,62,1427.68,4.8,8,652.7696503300123,2,2773.72,21,0
1123,35,589.73,2.6,0,751.0692932338175,1,44290.13,26,0
1124,64,5693.84,4.4,2,614.7597568833155,3,3855.23,10,0
1125,53,2209.8,1.2,0,539.9563323532795,0,2014.26,8,0
1126,64,2632.13,5.3,0,457.3950958304288,0,599.77,22,1
1127,39,5502.49,1.0,2,455.99894636799695,0,34345.35,16,0
1128,51,6689.75,2.4,0,637.6694848676386,0,23068.04,42,0
1129,64,7934.44,0.7,2,745.0976322949984,1,5589.48,8,1
1130,25,1164.59,1.9,2,560.4540903295471,0,42882.32,14,1
1131,57,9327.44,1.1,3,544.4279537850636,0,10534.65,43,0
1132,66,1875.75,0.9,1,669.7481090811186,0,16653.05,9,1
1133,61,490.29,10.2,1,531.4052746095253,1,9297.21,59,0
1134,36,1161.24,0.5,0,627.4482907628421,0,46374.44,47,1
1135,59,3549.0,4.6,4,604.1801450085512,0,38024.31,32,0
1136,58,1362.33,12.4,1,559.0531941421945,0,36335.69,18,0
1137,54,2778.22,0.1,1,598.4461841263479,0,2677.8,10,0
1138,23,3907.3,3.6,2,776.3152114649979,2,26373.73,16,0
1139,69,2578.32,0.9,0,660.4532944100956,0,28984.9,50,1
1140,43,2007.24,0.1,2,709.2500804255978,1,19434.78,22,0
1141,51,1096.02,1.5,2,508.1305639079939,0,16426.93,30,0
1142,73,3033.75,8.2,2,709.5936147607574,0,42671.17,8,1
1143,62,571.37,0.0,0,663.9020475468985,2,1639.32,32,0
1144,23,1721.93,2.7,4,450.0403903440632,0,31455.06,57,1
1145,54,1419.09,2.1,5,653.97907333711,2,20015.22,6,0
1146,74,2461.43,6.2,2,548.6725863205322,1,33464.56,38,0
1147,50,2513.26,0.3,1,445.41963236743834,0,10296.92,5,1
1148,70,6425.09,3.4,1,612.977573232762,0,12313.64,12,0
1149,39,10580.65,3.4,2,653.904259106261,0,29549.26,40,0
1150,38,1218.99,3.3,1,615.1608068644563,0,49006.96,29,0
1151,23,14680.36,8.6,2,589.0861415154245,1,48746.84,20,0
1152,23,1598.09,5.2,3,566.9414661541668,1,12824.56,47,1
1153,72,3422.14,0.1,2,846.6588009341556,0,5566.38,13,0
1154,65,4485.88,1.9,2,481.7430611471354,1,29721.99,38,0
1155,21,21071.28,1.5,1,687.2921982357203,1,21289.14,42,0
1156,47,1931.74,1.1,5,601.5422970888984,0,38203.49,37,0
1157,28,708.12,1.8,0,514.5533493732968,0,26635.19,46,1
1158,47,9821.25,1.5,3,595.160094937142,0,25774.05,15,0
1159,48,1530.43,1.7,0,460.7067362411383,0,32499.76,58,0
1160,41,2232.17,11.6,2,540.4509593193146,0,6757.71,57,0
1161,72,1219.02,0.3,3,595.3065674164394,0,34019.51,25,0
1162,26,2237.33,7.7,2,444.88829414008705,1,24681.73,45,0
1163,72,1521.86,2.0,2,650.6382538488058,1,41097.28,11,0
1164,20,5121.25,2.9,2,503.62389590884675,0,7365.99,6,0
1165,68,3179.99,5.3,3,454.8279041986448,1,15386.98,45,1
1166,48,1728.75,1.3,2,491.95822641716296,0,47537.2,42,0
1167,57,6612.37,1.7,0,817.5954161835487,1,27877.11,52,0
1168,54,3655.53,1.6,1,402.193585813116,0,46500.4,33,1
1169,53,680.73,1.4,4,643.612308876979,1,34607.24,5,1
1170,41,6221.48,7.8,2,524.8363728980713,1,46358.35,38,0
1171,48,3456.09,5.3,2,564.9871828482438,2,16232.4,59,0
1172,23,9068.72,0.3,1,660.3930928680332,1,4981.42,19,0
1173,19,3291.62,0.3,1,655.4818714838921,0,40210.97,18,0
1174,37,1582.3,1.7,2,531.9303580838209,1,40321.2,41,1
1175,45,2531.49,0.3,1,464.21759933667056,0,31131.93,4,0
1176,28,5671.08,2.9,1,662.2140973700639,1,29188.73,7,0
1177,21,1609.07,0.5,3,655.2377193009344,0,45787.95,35,0
1178,32,2095.95,2.2,3,571.5030491211812,0,9236.67,56,0
1179,23,2496.51,0.0,1,644.1944383808378,0,31018.63,15,0
1180,71,1188.57,1.1,3,555.4170519024465,0,2963.65,14,0
1181,66,1627.73,3.4,3,517.2962434965211,1,7472.81,21,1
1182,47,3422.2,2.0,2,600.3962181121075,0,22144.98,24,0
1183,73,7800.8,11.5,1,651.9032741091518,1,41149.76,42,0
1184,55,3841.88,6.2,3,630.9250269552434,2,36790.07,10,0
1185,68,2873.57,1.3,2,650.9162680076672,3,48716.19,46,0
1186,74,1533.0,0.1,2,523.9421126710874,0,2720.01,6,1
1187,19,7159.02,5.6,2,758.1881124758253,0,19376.93,9,0
1188,32,4216.68,7.3,3,565.7619144661376,3,8360.14,50,0
1189,28,1693.61,5.2,1,588.1084348523409,0,2329.58,24,0
1190,25,6117.56,0.4,3,468.13440907821325,0,13587.68,20,0
1191,43,4664.15,18.5,1,580.6144843702716,0,12601.36,8,0
1192,68,1554.91,0.9,5,653.2237736851517,1,21291.37,52,0
1193,62,2748.74,3.9,2,676.2510612692665,0,7434.02,6,0
1194,61,2009.78,7.2,1,756.1940737186783,1,24684.1,55,1
1195,22,24509.85,0.8,2,652.0234895825461,1,46044.87,43,0
1196,23,4561.45,7.2,2,627.6913195799704,1,37535.35,47,0
1197,43,3461.34,1.1,1,555.3704888485681,0,42187.78,53,0
1198,71,4350.87,11.2,0,533.8259591766994,1,40334.07,14,0
1199,21,8985.16,1.0,2,697.0248514668156,0,19786.5,50,0
1200,36,2788.6,9.2,3,695.1070351738908,2,35593.57,39,1
1201,37,1859.52,0.2,1,492.29872991512275,1,37835.68,4,0
1202,50,5857.2,3.7,2,672.3095887153481,0,10679.58,5,0
1203,37,2591.64,2.3,4,665.0383691395842,0,43082.99,47,0
1204,66,1266.59,1.9,2,488.61911149858054,0,23158.5,23,0
1205,29,1083.82,0.8,2,654.0456804789177,0,1309.81,41,0
1206,64,10131.83,3.7,2,495.04535405181923,0,32347.51,15,0
1207,18,3312.03,0.6,2,357.0707032326511,0,33999.77,50,1
1208,43,1860.03,2.4,3,583.989758630795,1,27812.23,56,0
1209,31,2471.38,0.9,2,625.7814705254989,0,11014.56,16,0
1210,55,5687.1,9.3,1,588.4929195116887,0,24372.76,32,0
1211,54,2357.31,0.1,2,850.0,1,20306.31,20,0
1212,28,934.92,0.7,2,637.8851229234974,0,48746.96,15,0
1213,53,3868.7,0.8,1,614.71418192987,0,41321.58,16,1
1214,30,7837.52,1.6,2,642.9591303314091,1,38214.03,43,0
1215,60,7429.19,0.8,0,555.8680995599902,0,9463.15,42,1
1216,20,1905.57,2.0,4,692.9479062093538,1,16886.48,59,0
1217,50,8228.33,6.2,3,636.1001946177101,0,19295.74,27,1
1218,23,3534.62,3.7,2,631.517170389249,1,24885.06,39,0
1219,67,8045.9,2.6,5,537.5879777133061,1,1996.11,29,0
1220,73,4717.1,0.3,4,443.5669673550907,0,29853.96,25,1
1221,27,882.47,3.6,2,549.8613910922709,0,18213.9,9,0
1222,22,12056.89,0.5,1,628.2633856259893,1,28303.02,50,0
1223,40,3107.04,4.6,0,555.5300520255054,0,944.43,12,1
1224,27,4728.84,0.9,0,629.1727167067371,2,16410.94,27,0
1225,61,1017.15,1.6,2,576.7638123143695,0,38548.97,59,0
1226,19,4466.06,1.3,0,643.0579484626523,0,25303.54,56,0
1227,30,7203.64,5.9,4,502.3175874124686,0,39549.92,37,0
1228,57,14020.23,0.4,1,619.2890011885081,2,35098.54,26,1
1229,19,9139.12,2.5,2,535.9045853648603,0,42818.57,51,0
1230,37,4644.22,0.5,3,446.1717057869364,2,868.46,44,1
1231,18,866.53,3.7,2,583.4845876971625,0,13435.61,13,0
1232,54,3313.69,7.1,5,753.6317573818046,0,27665.69,22,1
1233,26,1855.65,1.7,1,454.14235921540177,1,47080.39,12,0
1234,34,3597.46,2.0,0,611.93922503942,1,34149.61,52,0
1235,26,1126.58,7.9,3,679.7577063264224,1,23101.14,23,1
1236,28,2519.63,2.2,2,830.0030685144452,0,6942.0,30,1
1237,32,1970.92,2.0,3,550.7067017553312,0,24914.16,30,0
1238,41,1922.66,2.6,2,536.7999395395688,0,22333.81,57,0
1239,55,1938.0,3.5,0,483.33078040607336,0,39032.94,29,0
1240,72,2673.96,0.3,2,714.0516334846219,1,20960.76,35,0
1241,52,3747.92,5.2,1,513.2585670760925,0,16282.48,6,0
1242,47,403.92,1.7,3,562.940356822465,0,4941.12,37,0
1243,48,445.35,0.2,3,415.10621226287446,0,2801.8,22,0
1244,66,2273.43,4.6,1,688.3971842678526,0,22237.15,8,0
1245,22,2544.74,1.4,0,715.8258280778026,0,17669.67,8,0
1246,61,3467.85,0.3,3,684.5775063584365,0,27988.55,19,1
1247,67,1665.47,3.0,1,439.46747186462824,0,35740.46,21,1
1248,31,3003.62,6.4,6,660.7151040779306,0,2480.34,51,1
1249,70,3298.49,6.6,2,432.7329615275999,0,25062.75,19,0
1250,73,1656.32,9.5,1,605.804030206424,0,43167.61,51,0
1251,28,6706.05,6.1,2,620.5077579983797,1,23030.75,5,1
1252,26,3434.37,0.0,2,631.0183218108265,0,26301.49,48,0
1253,51,4617.32,1.4,0,653.4636532637469,1,24596.2,36,0
1254,29,3149.74,5.1,3,599.1966396440728,0,19794.75,6,1
1255,52,16041.57,1.4,1,403.75704872714476,0,5950.92,25,0
1256,52,4803.58,2.8,2,653.5121008799532,1,6754.63,20,1
1257,18,2017.48,2.8,2,609.7608141127748,2,9364.92,36,0
1258,57,5748.96,1.4,3,509.7380208628767,1,39731.95,31,1
1259,39,804.25,7.0,1,443.0602578863391,0,14128.95,46,0
1260,46,3280.27,2.1,1,754.0022185924358,2,47432.13,17,0
1261,25,3848.07,1.9,2,723.1300538290683,0,40603.42,47,0
1262,28,3310.37,18.0,1,670.5957407307454,1,34384.76,13,0
1263,58,2282.39,2.0,3,532.3700088765297,0,36159.48,41,1
1264,54,1326.34,0.6,1,348.30044477884826,1,2857.79,11,0
1265,31,1585.29,2.2,4,676.4679175435235,0,28635.27,49,1
1266,47,3234.6,5.0,0,636.6686773855075,1,47082.32,37,0
1267,52,1223.15,4.5,2,562.5337690927823,4,2435.95,12,0
1268,38,12285.0,4.7,5,712.4806306697876,0,14905.32,42,0
1269,54,360.42,3.7,3,684.799753396285,1,3049.82,40,1
1270,22,2301.35,0.9,3,617.609548823085,0,28702.21,31,0
1271,36,3256.19,5.9,2,603.5058417871114,1,6251.93,48,0
1272,31,4473.55,6.7,4,605.0967717599681,1,24222.88,8,0
1273,43,1432.62,0.6,3,667.9939872834746,1,36137.5,21,0
1274,21,7386.7,0.4,0,514.2523653457012,0,8639.71,28,0
1275,42,977.44,11.1,1,642.5983121785036,0,37890.54,11,0
1276,62,1895.23,6.1,6,507.9409055530409,1,3480.12,43,0
1277,59,4898.08,6.7,4,733.6555171752234,2,7906.41,54,0
1278,42,6851.01,6.5,5,653.2128571575234,1,14365.46,50,0
1279,35,969.52,2.3,3,531.177173836107,0,39906.9,47,0
1280,57,24736.36,3.1,3,608.059582402975,0,42581.78,15,1
1281,25,1453.9,2.4,0,514.6213619971959,0,11408.8,28,0
1282,56,1043.41,0.2,2,750.4112837700795,0,5241.3,46,0
1283,57,4456.74,4.1,2,762.2875984471209,0,42473.71,56,0
1284,31,2256.04,2.1,3,669.6223682562847,1,32643.69,55,0
1285,49,2004.52,3.1,1,755.6656567654577,0,8313.84,22,0
1286,68,4800.69,2.1,5,615.17959488725,0,28106.98,4,0
1287,55,878.45,2.0,7,676.3512567174797,0,43682.39,6,0
1288,50,763.79,0.6,3,722.4724521909756,0,3940.99,9,0
1289,40,1848.37,1.0,2,599.4256404484083,0,4644.2,21,0
1290,32,7060.85,0.5,4,607.1103857317345,1,14043.58,37,1
1291,50,1913.63,0.7,1,693.3656601428897,0,32786.99,13,0
1292,42,10714.2,10.8,0,664.6497965595993,0,9311.42,21,0
1293,34,7791.68,0.5,2,524.4539279798947,1,40910.18,34,1
1294,50,3738.19,0.9,2,381.31706287285306,2,37646.29,59,0
1295,64,3911.9,2.7,0,582.4471937402951,0,28269.74,16,0
1296,72,3735.37,2.8,2,390.30858207748213,0,6245.35,51,0
1297,19,3387.25,0.5,0,500.89826638944515,1,49416.88,7,0
1298,31,2223.88,4.7,1,512.5713042799616,1,24756.66,27,0
1299,70,2440.24,4.6,0,543.1357689059873,0,22877.62,16,0
1300,57,1266.52,0.8,2,682.0438144163542,0,49780.67,41,1
1301,57,508.75,1.0,1,703.767954073026,1,43261.48,14,0
1302,68,7210.23,8.3,1,650.8740719807207,1,23090.2,51,0
1303,56,3380.59,5.2,0,663.2506976061806,0,21230.75,22,0
1304,68,2995.81,3.6,0,665.6120456368647,0,5247.51,56,0
1305,23,4100.07,0.3,1,350.3170008779076,0,46362.33,55,0
1306,23,1536.53,1.6,0,601.0197682007116,0,42266.85,20,0
1307,20,1338.29,2.5,7,420.3541278829995,0,15845.12,3,0
1308,24,2375.71,0.6,1,650.9139475671541,0,37789.4,45,1
1309,68,8905.98,1.8,4,390.6891852680303,1,38255.11,6,0
1310,25,1170.29,2.8,2,581.95614646493,0,11781.58,14,0
1311,59,364.43,1.2,4,654.7769776019587,0,30875.95,28,0
1312,69,1964.28,4.6,2,488.2242051683688,1,13123.93,34,1
1313,32,7436.53,5.5,2,696.171596051322,0,39599.36,39,0
1314,64,745.43,1.2,2,650.6622169951747,1,8113.58,17,0
1315,46,1159.53,5.5,4,638.082469583791,0,33610.85,54,1
1316,50,3680.62,0.3,1,669.8001587510532,0,16637.58,37,0
1317,69,23293.41,5.5,2,564.0799912233344,0,2291.01,28,0
1318,47,1005.69,0.5,3,615.1918863756808,1,6623.38,17,1
1319,56,975.01,0.3,5,601.0051572234199,0,32917.51,10,0
1320,44,3908.69,3.1,1,598.7451055383855,2,12375.76,30,0
1321,53,7814.53,1.9,2,532.7968923352923,1,31736.25,32,1
1322,46,1809.35,7.2,0,475.74678852772945,1,21033.7,56,0
1323,55,814.75,1.4,3,566.3141650710525,0,34789.32,45,0
1324,74,4217.51,1.0,3,560.8052092805733,0,24900.96,46,0
1325,50,4874.99,2.1,0,526.3269012483111,0,15773.08,5,1
1326,54,12368.7,1.8,1,685.2053781810024,0,7718.05,8,0
1327,44,5042.0,1.3,0,482.77933821443867,1,17384.36,33,0
1328,72,5781.7,3.5,0,582.8490841108759,0,31927.26,28,0
1329,50,2417.0,4.3,1,716.6339711561252,1,37153.44,10,1
1330,21,21019.45,5.8,3,690.9129352599552,3,8436.81,41,0
1331,39,2167.84,10.8,2,721.6293885097283,1,33381.48,31,0
1332,19,1827.06,0.9,5,540.9219422625773,1,9374.34,19,0
1333,27,12677.85,3.8,2,678.4288125727708,0,11480.06,18,0
1334,22,916.54,1.5,2,493.70296030218685,0,26800.2,56,1
1335,27,679.99,3.4,2,572.412604418346,2,14815.51,51,0
1336,50,3280.15,1.9,1,581.8244189219807,0,33248.97,47,0
1337,71,2976.82,15.2,2,542.415978780199,0,47810.94,6,1
1338,55,2484.16,3.9,1,563.8186011915475,0,7870.16,12,1
1339,30,6602.1,9.1,0,550.6624072502648,2,28740.29,18,0
1340,48,1441.49,5.4,4,501.7606188898304,1,46203.31,21,0
1341,64,3137.98,7.0,1,685.6413506005791,0,9238.18,41,0
1342,53,2234.82,5.1,3,581.7549997125731,0,18659.12,52,0
1343,62,1461.22,1.8,1,620.1436543917285,2,6619.03,15,0
1344,41,2837.07,0.9,2,616.3776871192855,0,32280.87,6,1
1345,69,5896.28,1.4,2,605.4726425110022,1,33622.57,34,0
1346,73,16259.86,0.1,1,609.2804546056428,2,33377.02,55,1
1347,32,4738.78,2.2,2,569.4582779968979,0,27335.29,20,0
1348,46,399.95,2.1,0,741.8396868514862,0,37439.91,18,0
1349,25,2891.38,2.2,2,676.0744761635359,0,2275.93,27,0
1350,22,3102.12,11.0,1,601.838203277102,1,47896.92,52,0
1351,46,6304.17,7.3,1,555.2945564033937,1,11493.76,18,0
1352,64,3455.93,0.5,0,588.1179157270919,1,6517.32,24,0
1353,21,8123.13,1.4,3,641.7621516371746,2,47086.23,26,0
1354,29,4077.9,1.7,1,749.9940092536312,0,41606.63,30,0
1355,62,10373.8,1.3,2,462.69524553349555,1,38361.09,25,0
1356,19,2098.55,4.8,1,665.9774758641778,0,5684.91,56,0
1357,44,3345.85,2.2,5,712.6723636778635,1,40472.7,58,1
1358,48,5775.11,2.5,1,451.3281530094768,0,30646.66,23,1
1359,68,1886.06,5.8,4,581.8849123268725,1,36729.48,11,0
1360,68,1584.45,4.9,1,493.54820269169613,0,48914.48,4,0
1361,53,1801.76,0.4,0,643.0529611677034,0,10124.84,40,0
1362,53,1637.01,3.8,3,564.1649067644448,1,25466.91,30,0
1363,43,4528.06,1.7,3,586.9860933119875,1,37790.92,28,0
1364,60,686.88,1.0,2,558.8944192721526,1,21965.99,29,0
1365,44,858.53,0.2,3,672.0163432768269,1,3205.33,57,0
1366,22,13229.4,2.0,2,622.9032960598138,0,6016.23,27,0
1367,37,1668.9,1.3,2,623.0926764039656,0,30303.55,23,0
1368,28,3498.23,0.9,1,616.0621825081454,0,14607.71,40,1
1369,27,905.68,3.6,2,657.2490880452137,0,7323.11,27,0
1370,57,3214.09,4.4,3,573.8028145143677,2,17324.65,40,1
1371,55,1677.06,0.8,1,770.0774787540927,0,10448.56,48,0
1372,23,853.66,0.2,2,476.520524878148,1,1685.0,13,0
1373,25,8686.6,5.7,2,427.4081551830351,0,8014.79,30,0
1374,40,7677.53,0.0,2,419.13194313914266,0,44212.36,51,1
1375,64,2735.63,8.3,2,392.04118807075645,0,1095.85,38,0
1376,43,6631.16,3.0,1,667.3169814820252,0,38805.59,6,0
1377,63,13665.56,1.2,2,655.1367699282641,1,37796.32,21,1
1378,60,5449.4,0.8,0,720.7776491775595,1,28429.77,26,0
1379,29,4375.36,0.0,3,494.3361785294478,0,10818.16,24,0
1380,43,3495.25,0.8,3,674.54614547455,0,43963.93,57,1
1381,30,5012.04,0.4,1,605.6824062149306,1,24016.24,50,1
1382,57,2228.01,2.8,3,616.6586499155859,0,9073.71,27,0
1383,35,2389.15,0.5,6,662.5622895349608,0,21736.62,10,0
1384,42,4275.74,2.3,4,524.3718248937556,0,10148.4,53,0
1385,50,2040.41,2.7,1,850.0,0,19112.39,22,0
1386,64,2224.66,1.1,1,733.1880304275354,0,25086.04,3,0
1387,57,2981.4,0.1,0,546.8294046004639,0,18315.09,6,0
1388,60,7483.73,0.1,0,490.9261942276652,1,33023.69,14,0
1389,29,1204.56,0.1,2,591.2095838195308,1,46827.93,27,1
1390,61,5471.69,4.0,1,618.2258443582042,0,17733.39,23,0
1391,53,5616.35,1.1,2,706.5615259708311,2,18109.11,21,0
1392,65,5589.53,4.8,5,483.1279088431674,2,37045.97,36,1
1393,21,1563.38,1.7,5,628.5486943199166,0,26764.25,8,1
1394,22,769.59,1.8,2,447.0984975585211,0,21727.55,54,0
1395,73,4664.61,2.2,3,643.6357593411119,1,40783.51,56,0
1396,54,3463.49,3.7,2,589.2495779541949,1,44606.29,37,0
1397,25,6657.51,1.0,2,793.6679762285763,1,29734.04,5,0
1398,59,1702.02,0.4,0,445.3997455780323,1,9662.61,35,0
1399,66,5475.81,2.4,2,737.0608381490105,1,23581.15,11,0
1400,45,6929.41,1.2,1,429.61686648337815,0,25466.35,9,0
1401,48,2762.12,1.8,4,467.27897255934954,2,21894.26,43,0
1402,26,4161.14,3.1,0,432.29054415278347,2,13490.38,29,1
1403,71,4046.36,2.0,4,625.0352608451054,0,23879.93,3,0
1404,68,1545.07,2.9,6,482.63011892462663,0,22604.03,42,0
1405,46,4559.09,2.4,3,465.1668494719462,0,10869.93,20,0
1406,31,10916.15,4.0,2,620.2767601623381,1,45219.82,37,0
1407,57,3034.38,3.7,2,645.177538587469,2,44324.38,19,0
1408,58,926.36,2.3,1,603.9849304150326,2,38101.01,41,0
1409,39,1720.24,3.4,2,583.7780850978447,2,20346.86,13,0
1410,28,717.99,6.2,2,782.8909632437178,1,18831.92,39,0
1411,40,8368.32,1.7,2,614.583626624197,0,35965.04,47,0
1412,18,5493.3,1.6,2,680.569147392225,2,30601.9,13,0
1413,63,1996.01,4.3,3,614.2922125689959,0,30229.62,5,0
1414,54,958.67,2.6,2,490.2123711745316,1,6643.52,15,0
1415,38,1530.52,0.2,1,654.9887681902017,0,31105.05,54,0
1416,43,1788.94,6.7,2,534.4202688530207,0,45142.22,30,1
1417,63,3253.63,0.1,2,590.9013861960764,1,4747.92,40,0
1418,53,3167.21,4.1,3,630.5402681893426,0,17288.98,56,0
1419,71,8718.0,4.3,2,405.8581933113357,0,25696.21,49,1
1420,40,1712.65,9.2,3,439.04978761082714,1,34457.47,36,1
1421,74,891.99,0.2,1,690.9459172497563,0,4936.93,57,0
1422,18,1181.35,2.7,3,533.6253553401056,0,43703.91,30,0
1423,71,2926.55,1.7,3,538.3678010891139,0,2507.01,4,0
1424,72,1664.13,1.2,4,616.643839737082,0,42955.64,59,0
1425,68,2359.94,0.3,3,561.4327402878131,0,1868.76,48,0
1426,57,2073.04,2.5,2,641.7588381642789,0,8099.4,4,0
1427,32,6582.64,2.0,1,594.8878211266956,0,40116.03,39,0
1428,38,1863.9,0.3,5,619.8602950180449,1,43078.14,18,0
1429,64,2204.21,2.8,0,529.8141609757747,2,49122.16,10,0
1430,26,5291.34,4.0,0,619.3594823280928,0,6227.88,42,0
1431,70,1896.97,4.4,3,710.5089086835444,2,26559.33,13,0
1432,26,4182.1,7.1,4,543.2251783885802,0,4319.21,47,0
1433,27,3886.2,1.6,2,691.5318300272152,0,8242.18,17,0
1434,69,3338.95,9.2,5,594.843968167735,2,9137.45,6,0
1435,74,1202.89,6.0,1,673.4481655977938,0,3637.72,25,0
1436,70,7973.03,1.1,0,612.877131835311,0,44702.5,10,0
1437,43,17615.72,0.5,3,596.6589079902074,1,6754.6,18,0
1438,58,3002.09,1.7,2,634.9729682076367,1,31652.37,18,1
1439,52,1290.67,1.5,2,721.3597562302249,1,31474.48,26,0
1440,69,3051.18,2.6,1,623.6097294215076,1,10332.94,55,1
1441,42,6580.65,2.6,2,647.8530830908397,1,49921.36,12,0
1442,43,1822.29,4.2,2,563.1515086423299,1,17694.7,36,1
1443,28,2688.88,2.1,5,757.0886473995026,0,45302.17,20,0
1444,55,3914.81,0.3,3,664.0337110929672,0,47440.09,55,1
1445,19,7804.36,5.9,0,607.7708460025007,0,47474.95,18,0
1446,24,5543.27,1.1,4,587.7346327745325,0,37765.46,38,0
1447,35,5730.14,10.7,1,697.7908269273111,0,13063.35,54,1
1448,44,2119.61,0.4,5,539.379592295474,0,6472.44,53,0
1449,51,4111.47,9.5,1,421.7124983728667,0,28709.31,59,0
1450,44,1673.09,0.3,5,607.2399599424456,0,18321.94,10,1
1451,34,5863.02,0.8,1,719.0004573114344,0,41636.43,22,0
1452,60,7487.39,0.1,1,759.1308811184674,0,37377.01,25,0
1453,61,4641.03,3.7,3,589.270605656612,0,14185.18,42,0
1454,68,2221.8,5.7,1,604.3587663941784,1,1342.25,16,0
1455,71,2532.64,1.7,1,651.9530432515955,1,12247.13,18,0
1456,41,12647.48,7.9,2,573.5650581136235,1,28572.22,40,0
1457,42,2251.68,2.7,3,651.6405948391149,1,4410.37,20,0
1458,24,6904.96,3.0,1,591.4598248931732,0,33084.49,42,0
1459,69,3909.3,5.6,4,701.1368257190179,0,33748.97,53,0
1460,23,2281.73,1.1,0,672.2980513097824,0,8885.0,32,0
1461,70,1016.66,1.3,2,681.0227832302432,0,30017.75,38,0
1462,41,3530.8,7.1,1,579.4682355197912,0,30545.09,38,0
1463,50,3206.32,6.9,2,792.5927320502261,1,24159.92,41,0
1464,66,12647.66,11.3,2,648.3911942379473,0,47685.67,42,1
1465,46,1497.94,7.0,2,624.7294053486831,1,5854.08,43,0
1466,60,18691.33,0.4,3,523.9057019433028,0,20627.97,3,1
1467,39,4036.16,5.2,3,590.2928179851447,1,44204.58,19,0
1468,43,4032.99,1.6,3,611.4379760702636,0,19622.54,30,1
1469,45,1854.82,14.1,2,521.23227035757,0,21519.66,9,0
1470,67,3834.39,1.9,4,570.7682854230912,0,33579.56,22,0
1471,38,4352.22,2.4,3,583.4199981896991,0,33445.4,44,0
1472,66,6309.82,2.3,6,605.5920660923218,0,1633.65,26,0
1473,24,1362.86,1.2,3,423.7293009958396,0,23057.02,55,0
1474,34,9185.9,0.2,1,586.4729459295736,0,17008.84,3,1
1475,37,3980.38,6.8,2,562.2653816920068,1,31570.91,20,0
1476,58,4849.27,4.9,7,597.91158503751,1,28007.26,28,0
1477,66,2498.0,0.5,2,703.5276566180256,2,32717.65,16,1
1478,37,1418.69,4.5,1,805.2395492121206,0,32861.49,21,0
1479,71,3159.53,2.9,5,667.8377199644627,0,13116.16,20,0
1480,39,3462.81,1.6,3,476.5577827933664,0,12700.01,59,0
1481,45,984.03,0.9,5,565.4593048167466,0,18828.98,47,0
1482,57,5623.04,5.9,2,659.5963308831091,0,12476.94,9,0
1483,66,6615.82,3.6,0,648.3290496429023,1,34299.0,4,1
1484,24,1662.82,2.4,0,698.7325735453074,0,30341.87,9,0
1485,18,1315.45,2.8,1,590.2649005709404,0,11211.16,30,0
1486,49,2339.36,0.3,2,563.6499755634494,1,44263.19,30,0
1487,30,3038.49,1.9,3,775.242400391604,0,23302.8,44,1
1488,47,2413.09,0.6,2,605.8670603369637,2,6789.13,19,0
1489,40,2839.17,0.7,2,498.3325623978885,1,11041.8,32,0
1490,68,3558.81,3.2,3,747.513365703292,1,27222.6,23,0
1491,73,997.63,7.3,1,450.3904508605555,1,17251.99,39,0
1492,36,1093.75,1.6,7,300.0,0,42635.49,11,1
1493,49,337.71,0.7,2,676.9386758037574,0,24989.4,38,0
1494,47,6336.21,3.1,6,691.0700971024631,0,45807.09,54,0
1495,46,3017.49,6.1,1,641.4012941944691,0,5540.41,24,0
1496,66,6893.13,4.1,0,469.75439160079503,0,33595.36,17,1
1497,62,1199.68,6.1,1,594.113014475768,1,44346.35,16,1
1498,46,3039.74,2.3,6,572.1831426446129,0,15000.06,29,0
1499,47,3539.93,4.2,2,546.2710989107611,1,7216.54,20,1
1500,33,1901.83,0.5,2,741.2069430809279,0,23103.91,12,0
1501,57,860.28,1.3,1,495.3333941368311,0,48086.04,50,0
1502,36,12048.52,1.5,1,631.61044531064,1,31856.37,24,0
1503,35,9130.97,2.1,1,719.4046983662574,0,32376.86,25,0
1504,18,2196.13,7.9,1,638.1441525319037,0,33739.31,54,0
1505,31,4483.6,6.2,2,724.1118372495374,1,2468.19,44,0
1506,68,2022.66,0.4,2,656.3714722428929,0,22559.67,43,1
1507,64,1344.37,0.6,2,642.9349670492029,1,4339.81,50,1
1508,67,12859.13,1.3,0,636.6834868832148,0,16135.01,7,0
1509,19,792.91,1.0,1,661.344326665015,0,41169.15,53,0
1510,71,2372.26,2.9,4,561.446090258774,2,32985.36,27,0
1511,45,3188.99,7.0,5,469.81261481272134,0,49780.85,3,1
1512,66,11170.03,9.8,2,695.4043411463309,0,9021.64,26,0
1513,67,6107.49,3.2,4,716.1742300505766,0,20154.18,35,0
1514,47,782.27,5.5,0,625.1978810906044,0,40577.19,58,0
1515,55,2974.41,2.2,3,545.162438036563,1,11176.73,39,0
1516,68,3031.61,0.7,6,444.2282883470362,1,8109.23,9,1
1517,21,2483.26,2.2,0,608.5807099923388,0,21666.82,26,1
1518,18,4894.4,2.4,6,465.10496552820285,1,19494.46,17,0
1519,25,965.57,4.1,2,451.1012497362075,1,49020.19,13,0
1520,46,2149.72,0.7,3,597.9268471984308,2,23084.45,46,0
1521,72,4372.35,1.4,3,523.6230498811985,0,43116.84,19,0
1522,56,5134.1,1.4,0,634.5309556164771,0,44454.29,51,0
1523,20,3359.46,9.6,1,584.0704397438126,1,8314.65,25,0
1524,49,2366.78,1.8,1,539.336543377739,0,35907.59,51,1
1525,27,2708.22,4.2,1,429.5084919271034,2,14241.55,6,0
1526,27,5390.13,4.2,2,514.7111874169642,0,5189.58,33,0
1527,36,3062.91,0.9,6,518.3863509948909,0,43797.89,56,1
1528,63,1295.33,2.5,2,477.4692326485038,1,14975.44,36,0
1529,51,1111.21,6.7,3,567.0955704757615,1,17595.6,12,0
1530,50,905.32,1.9,2,485.2748008825348,0,16537.46,39,0
1531,40,9551.61,8.7,7,583.6257252708784,0,10414.62,12,0
1532,72,5687.18,0.7,3,624.0411213668656,0,22007.92,44,0
1533,45,2737.53,0.2,1,517.3830045610822,0,21700.49,13,1
1534,49,2073.44,6.7,2,642.5408629418584,0,20733.21,33,0
1535,67,1883.44,5.6,2,463.86421287522967,1,45856.74,12,1
1536,24,7148.01,14.7,2,488.7822601603709,0,17317.71,45,0
1537,46,13678.04,3.4,1,588.6782702375231,0,2003.76,40,1
1538,25,1836.63,8.3,1,668.7041091888639,0,9332.63,55,0
1539,18,7411.09,5.3,1,686.7399541489267,0,36214.11,44,0
1540,74,3048.52,5.6,1,761.2390622157559,0,29747.5,10,0
1541,72,2515.07,2.5,2,562.341112518249,0,47610.87,13,0
1542,20,9930.55,1.4,2,587.2498681321696,0,34874.54,22,0
1543,41,2956.81,8.2,2,496.7324470982013,0,10114.96,26,0
1544,40,3778.53,1.7,0,474.6233668008977,1,6471.89,53,0
1545,25,3635.93,2.3,2,622.8572086327525,0,26277.61,9,0
1546,71,812.02,1.8,5,522.4128500553758,1,33430.51,23,1
1547,74,3754.57,2.5,2,723.237920001729,0,8699.02,46,0
1548,64,1900.45,1.9,2,453.7614268132609,0,30283.8,55,1
1549,54,956.31,0.1,2,648.6353205824696,1,43318.92,8,1
1550,20,1970.99,6.4,2,499.4260761182971,0,36514.66,33,0
1551,68,1958.02,1.8,2,517.9551533227916,0,33377.46,14,0
1552,50,6794.75,2.7,4,653.911206525203,1,39571.89,39,1
1553,45,1272.79,0.4,4,532.4119563892092,0,5652.09,15,0
1554,64,1584.66,0.0,3,548.42159324801,0,10589.66,51,1
1555,25,3598.64,0.8,2,518.7841636448431,0,2385.93,33,0
1556,51,1032.11,3.7,1,778.5029791613442,0,7676.41,11,0
1557,52,1759.52,0.3,1,538.251368891999,1,45702.53,29,1
1558,49,787.15,7.2,2,605.1552217432763,1,11496.17,54,0
1559,41,6223.01,0.7,3,579.8086399718926,0,33273.81,55,0
1560,31,2342.35,0.7,2,622.1417061724261,0,34732.58,19,0
1561,49,2943.24,0.6,2,538.5263053034065,0,32443.61,53,1
1562,73,6203.12,0.0,2,579.9182765458349,0,27919.09,53,0
1563,63,1672.68,4.4,4,639.3952008993936,1,24563.45,10,0
1564,60,2322.53,6.2,4,513.6992861997009,0,21286.08,29,0
1565,33,1280.41,2.9,4,708.9321356628154,1,45886.49,42,0
1566,21,1278.19,0.6,4,718.5480519041632,0,970.96,59,0
1567,69,1427.29,1.0,1,660.6492626158739,0,3147.74,17,0
1568,54,2010.24,1.9,1,606.9876383596484,0,24879.37,41,0
1569,71,2191.11,9.3,0,300.9398551795464,1,16860.25,8,0
1570,38,3755.23,0.9,1,642.4291132654463,2,20707.4,34,0
1571,31,1461.22,3.9,2,560.8669594771136,0,49893.5,50,1
1572,48,3849.53,1.7,4,575.3725588582461,2,38869.17,10,0
1573,72,4394.03,1.1,2,410.26226694771833,2,43931.69,37,0
1574,65,2050.3,1.8,2,649.3588485874193,1,18744.44,33,0
1575,35,1565.91,0.2,4,455.14189531730455,0,12358.24,44,0
1576,24,3190.92,4.8,1,611.8424545991394,0,38515.53,28,0
1577,27,2534.28,0.8,1,690.4657481909841,0,40475.02,44,0
1578,24,3555.61,3.9,3,553.0671818682448,1,27719.97,26,0
1579,50,10466.06,0.2,1,721.605172522844,0,44849.1,53,0
1580,40,3149.22,9.3,2,525.300962179282,1,48382.6,4,1
1581,38,1787.58,0.6,1,660.0433076731001,0,23815.52,43,0
1582,36,1461.6,6.4,0,469.52142485414726,0,11522.0,3,0
1583,65,1507.55,5.0,4,703.1130434680523,0,26097.1,12,0
1584,36,924.99,10.3,1,687.599038257929,1,49481.89,52,0
1585,53,6286.72,1.9,2,646.835792296373,0,14999.88,25,0
1586,46,499.38,3.9,0,560.6715863386189,0,31071.17,35,1
1587,35,4404.95,1.4,1,459.7999376571888,0,34852.19,46,0
1588,19,1488.54,0.6,1,560.9359684780543,0,11089.48,39,0
1589,18,1978.46,1.8,0,711.0307175748122,0,29628.73,59,0
1590,64,1453.33,0.5,0,612.9961871569116,0,16068.1,59,0
1591,22,9477.65,12.1,4,444.696307048755,0,42783.38,13,0
1592,37,3020.12,0.3,1,487.5272360580059,0,35880.3,22,0
1593,28,5609.98,2.7,0,725.315140085228,0,41400.19,28,0
1594,59,8437.33,3.0,0,648.7912752127886,0,10384.28,48,0
1595,19,3397.26,2.3,4,476.5999879260072,1,2211.45,49,0
1596,20,1145.39,3.3,4,423.41685038254064,0,42601.02,4,1
1597,40,2498.6,0.4,2,537.4957865399933,2,19644.33,27,0
1598,72,1646.16,2.4,2,414.86412920100804,1,9396.26,6,1
1599,29,1992.6,1.0,1,584.4165509993,1,5048.82,21,0
1600,37,2763.63,8.4,1,845.1625371836303,1,26066.79,15,0
1601,22,2677.6,4.3,1,440.3043924300828,0,7931.33,21,0
1602,54,4145.12,10.8,5,581.3974336793785,2,28551.26,15,0
1603,55,4655.68,0.1,0,731.1926575331252,1,36501.67,57,0
1604,47,2677.62,1.0,5,674.9087858300095,1,26985.38,14,1
1605,26,4116.57,0.7,1,585.1259285200862,0,45233.14,4,0
1606,51,1920.83,0.0,1,585.3651329831803,0,8200.7,39,0
1607,70,8534.09,0.8,0,484.40902175754206,1,24950.7,52,1
1608,61,1896.17,3.4,1,573.2344229994446,0,8577.93,25,0
1609,52,7767.85,0.8,2,624.344071424013,0,43857.15,57,0
1610,69,915.2,2.1,2,710.511354327409,1,46645.84,21,0
1611,39,2198.82,6.6,0,537.9824376485244,0,20299.8,5,0
1612,61,2287.51,3.6,3,581.0164871936538,0,15634.54,26,0
1613,41,3726.38,1.5,3,505.0786519243318,0,14326.15,25,0
1614,34,5939.93,1.4,3,622.5325179540505,0,43056.5,6,1
1615,27,1097.16,1.8,1,678.3779450308963,0,34280.88,20,0
1616,47,1228.58,0.6,1,662.9648013429895,0,44089.36,14,1
1617,73,971.14,3.0,2,482.98129245576445,2,6317.08,37,0
1618,63,8571.07,1.4,0,614.6863209456415,1,24063.38,29,0
1619,40,3782.29,5.7,2,532.2687471749812,1,33970.87,45,0
1620,49,1252.01,4.2,2,701.1050015652834,0,44905.99,16,0
1621,34,2091.26,2.8,1,583.8687277226462,1,19409.95,33,0
1622,67,7672.59,1.4,0,448.0486661758915,0,15997.96,5,0
1623,68,2386.31,0.7,3,578.0197294392267,0,45691.8,7,0
1624,34,2276.17,4.5,2,645.8472569198881,1,2852.9,31,0
1625,31,1595.53,2.0,1,624.4006063142799,0,24239.98,41,0
1626,26,1312.92,0.8,1,548.8203986348019,2,23202.01,54,0
1627,57,7682.18,0.7,1,541.4726610128854,0,7729.79,19,0
1628,19,11374.41,0.5,0,501.24956017836837,1,20050.03,21,1
1629,62,1355.39,4.5,3,560.5250379664694,1,36268.69,37,1
1630,42,9172.4,0.8,3,514.4321033474198,0,18659.99,35,0
1631,56,2018.46,2.2,2,697.0085986177314,0,15828.19,10,0
1632,26,4568.4,1.8,2,509.88626092683836,0,39203.83,54,0
1633,71,9211.16,2.6,1,612.2284462362201,1,49441.41,39,0
1634,39,2654.31,6.3,6,605.4303903326332,0,39077.94,37,1
1635,60,2293.07,6.1,1,694.5667447884912,0,42393.99,22,1
1636,63,5658.22,1.8,3,708.9368288958372,0,47005.29,19,0
1637,21,1226.64,0.0,1,669.5969943281328,0,40187.74,47,0
1638,43,7462.52,1.7,2,635.292834329013,0,49027.54,15,0
1639,46,3341.74,2.8,1,495.1353853905942,1,37490.57,6,0
1640,62,1877.69,2.4,0,493.11299122617424,0,33245.37,52,0
1641,51,1838.43,3.2,2,515.4309180235051,1,34820.75,32,0
1642,40,985.58,0.5,1,675.1920999627915,1,45054.05,8,1
1643,54,1941.2,3.1,2,607.3329928250636,0,34308.9,4,0
1644,28,2413.35,0.6,1,686.8657240735563,0,38179.66,17,0
1645,23,1275.34,4.2,3,700.2802734320082,3,11192.49,59,0
1646,35,2874.48,1.2,1,527.4048099700752,2,45676.16,36,1
1647,38,4351.75,3.7,2,603.2074327557187,0,22637.06,54,0
1648,59,2512.97,0.1,3,598.700632131641,0,8472.83,22,0
1649,53,5065.36,1.6,6,567.2212310375785,0,40089.47,18,0
1650,58,1562.88,3.7,4,546.5157145475289,0,18141.45,45,0
1651,55,6652.22,0.8,2,718.4755503411056,3,9613.9,51,0
1652,51,3286.08,4.8,2,605.1971726715501,0,13184.43,31,0
1653,34,10262.03,3.0,0,601.3144788559767,1,2229.97,29,0
1654,54,20565.58,2.7,2,519.7222325131404,0,4985.84,57,0
1655,42,2046.33,1.3,4,667.5212430413504,1,29834.92,3,1
1656,55,2114.87,2.0,1,499.4892499161985,0,43377.78,15,1
1657,29,2447.95,2.7,2,645.4905528844682,0,22702.26,42,1
1658,40,4800.91,1.9,1,648.2229360055162,1,31489.88,34,1
1659,70,8610.83,3.6,3,558.7484950676431,0,40581.79,5,0
1660,59,1768.26,1.7,4,631.765208118318,1,18160.06,16,0
1661,39,4044.02,0.7,1,618.5669559044487,0,32888.55,58,0
1662,38,2673.81,0.7,1,596.0639375189851,0,17846.41,58,0
1663,44,4887.75,0.0,2,601.2943980145233,0,32314.41,30,0
1664,74,9972.3,1.1,3,606.1781823193521,0,11271.58,48,0
1665,48,2459.56,4.1,1,612.9911672672048,1,48903.06,28,0
1666,23,783.76,4.7,3,606.0242031343706,1,4270.8,23,0
1667,44,5405.22,0.7,5,489.6135809787858,0,25509.03,48,0
1668,57,1531.24,9.6,4,584.7789048994396,0,14671.67,53,0
1669,51,2658.47,2.1,1,626.4948601196872,0,30241.47,13,0
1670,29,5594.98,7.5,2,609.7288728539291,0,21701.2,29,0
1671,62,3781.65,3.7,1,695.3750259395139,0,15679.95,46,0
1672,74,2747.99,3.8,2,662.0086589499455,0,12876.86,59,0
1673,70,1880.5,0.3,1,512.9590464946864,1,9533.68,3,1
1674,24,292.97,0.7,1,583.3372891945605,0,39252.53,35,0
1675,27,5211.68,0.0,5,568.8663346552812,1,11498.9,48,0
1676,62,2434.85,3.8,1,599.5651513372816,1,38789.55,20,0
1677,34,10003.29,1.3,3,599.70186001613,1,24509.41,56,0
1678,43,4098.69,4.6,3,661.1521669239849,1,4075.29,4,0
1679,38,1933.52,1.2,4,617.7328363141144,2,8689.41,6,0
1680,45,6998.81,5.1,7,723.0545005208551,1,44698.78,56,0
1681,63,7486.85,0.4,2,624.100313766236,0,30339.38,52,0
1682,19,2501.82,0.6,4,516.9409479662723,0,9624.49,6,0
1683,71,7745.88,1.3,2,553.2719379831781,0,35336.36,57,0
1684,60,1911.71,1.6,2,660.3789070731758,0,41251.46,19,0
1685,18,3387.06,1.3,2,438.5831735494314,2,16867.33,50,0
1686,68,4708.51,4.3,1,465.4119585239955,1,28051.46,18,1
1687,70,5584.92,0.3,1,601.069720712523,0,15025.77,11,1
1688,53,4901.11,1.3,6,695.0922118521166,0,4463.06,28,1
1689,68,2284.44,5.4,2,730.7035431954878,0,20275.7,12,1
1690,43,7150.65,0.2,1,578.2894252978228,1,37695.88,9,1
1691,46,2698.52,8.6,1,706.0828686985884,0,23204.67,11,0
1692,38,1890.84,12.9,6,607.2267909768898,0,20560.82,57,0
1693,28,1913.19,0.3,4,446.8585017756769,0,18617.36,50,0
1694,57,14072.68,1.0,2,599.192346352163,0,23216.38,29,0
1695,28,1646.51,1.4,1,538.109187537845,0,16252.33,34,0
1696,53,8377.53,4.5,2,691.823088047774,0,30803.12,51,0
1697,66,1201.86,2.7,0,597.4324739645514,0,3646.52,25,0
1698,56,4404.25,3.1,0,472.20868934435293,1,40465.71,29,0
1699,57,3780.71,4.3,5,450.02851890914405,1,9071.76,27,1
1700,52,10905.05,0.4,0,597.9020042585549,0,31855.51,31,0
1701,71,1766.01,5.4,0,357.97825285402945,1,22769.18,26,0
1702,51,1415.83,3.7,4,548.18347101721,0,38787.93,18,0
1703,72,2715.66,2.6,1,623.1030325742842,0,41393.93,18,0
1704,64,11291.91,6.6,2,494.2983495944642,1,10607.92,30,0
1705,41,1469.49,3.6,3,699.398715690533,0,34020.37,22,1
1706,71,375.88,0.7,3,719.1006549750692,0,9900.42,55,1
1707,39,3126.95,1.7,2,498.3299047248048,0,6637.91,21,0
1708,22,6371.68,2.0,5,570.1955825803514,2,46549.66,12,0
1709,73,1324.72,0.2,3,699.4693151321471,0,8637.26,28,1
1710,50,5874.32,9.3,0,599.8692465744911,1,11792.53,4,0
1711,53,1301.5,0.4,5,460.55214219009804,1,6951.04,5,0
1712,64,2651.16,3.6,2,585.6678931435647,0,23779.45,41,1
1713,37,5443.33,2.1,3,514.707167770416,1,46020.56,58,0
1714,36,1152.89,0.1,1,710.8197896425886,1,13570.76,4,0
1715,52,3446.83,7.8,2,660.5932094324589,0,27321.68,27,0
1716,69,7879.18,5.7,0,568.6243054734372,1,20867.21,47,1
1717,60,4355.29,2.2,2,614.214801253004,3,17132.47,6,0
1718,34,1674.88,0.8,1,469.1878423027514,0,28821.56,17,0
1719,62,10046.45,0.4,2,524.6222541442388,1,28165.2,20,1
1720,60,5047.83,1.4,3,755.3279187692493,0,18288.65,9,0
1721,51,672.93,0.9,2,605.3514652579668,0,42602.88,29,0
1722,26,5951.48,2.1,2,693.0085804791365,0,3132.02,20,0
1723,43,1887.3,10.2,1,623.2013088408029,0,4719.3,9,1
1724,19,3488.58,2.6,2,731.4281843029524,1,49543.67,58,1
1725,70,6676.86,6.6,2,400.11624674007805,0,37510.3,31,1
1726,26,1920.45,3.2,4,581.1782415980994,0,40294.48,43,0
1727,26,799.13,1.9,1,764.4781646216389,2,30333.7,46,1
1728,57,9941.13,5.8,3,695.6173435560644,1,21283.09,35,0
1729,34,7567.87,1.9,1,732.5372258790192,0,31646.73,4,1
1730,18,2779.97,6.1,2,599.3235406343509,1,5082.94,20,0
1731,42,5900.17,1.0,2,546.2893584586617,0,38009.57,48,0
1732,60,2218.29,0.4,0,497.28355403120713,0,27266.78,25,0
1733,57,3221.42,5.8,1,490.30719083384895,0,47858.23,8,0
1734,59,2655.98,2.7,3,680.7060562208519,0,32055.03,45,0
1735,42,2291.23,6.6,3,651.3211050420852,0,8008.78,27,0
1736,56,3973.66,8.3,2,593.342655066964,1,24138.73,21,0
1737,52,1133.94,0.2,1,650.819065485168,0,3362.2,10,0
1738,20,2437.52,2.1,1,614.2451759052061,0,37398.76,55,0
1739,67,3833.69,1.4,0,696.2217701399484,1,25340.66,39,1
1740,54,12971.12,2.9,1,695.268675490817,1,18797.84,28,1
1741,61,1171.42,4.7,2,493.41258995151577,1,48443.19,31,0
1742,61,4520.79,1.0,0,627.364598746979,1,47059.63,30,0
1743,68,4935.05,2.4,3,433.11332498059176,1,47665.18,55,0
1744,47,664.23,3.7,2,613.3020738090596,0,11438.03,58,1
1745,55,4139.89,0.4,4,660.4304279701586,2,36564.19,9,1
1746,51,6028.35,5.0,1,468.6280655206839,1,47296.42,57,0
1747,29,4773.92,2.8,4,558.3537264539168,2,28758.08,38,1
1748,36,2787.38,9.0,2,600.9526377219802,0,11100.94,17,0
1749,54,3891.66,1.2,1,623.391491637339,0,40981.72,56,0
1750,61,3414.81,0.3,5,572.1396296775165,0,44055.95,35,1
1751,66,771.58,2.1,5,482.7711847595328,1,35310.15,56,0
1752,34,3479.54,0.3,2,594.5992798080741,1,15030.87,7,0
1753,27,2222.4,10.5,2,434.7756433059022,0,9939.35,31,1
1754,74,1696.19,0.1,3,576.7358563317855,0,31401.36,19,0
1755,72,21763.2,4.2,3,555.8626386303071,1,24398.63,47,0
1756,66,8120.06,2.2,2,586.5734326560579,1,33604.74,29,1
1757,64,1187.81,1.4,3,544.0678022524318,1,6029.13,19,1
1758,29,3933.59,0.2,2,449.23191618438,1,7227.72,53,0
1759,33,9570.3,2.9,0,563.3656679410487,1,18463.03,6,0
1760,41,900.58,2.6,2,693.0820125037319,0,13308.63,51,0
1761,36,3170.32,1.0,4,726.1460803988805,0,31157.26,14,1
1762,25,3292.03,7.2,0,843.9334278719266,1,18693.26,25,0
1763,48,1075.35,1.1,4,769.1650408397663,1,34356.55,52,1
1764,38,4038.55,1.8,0,480.3062073331896,0,38555.52,13,0
1765,34,7280.81,2.4,2,559.1562398727341,0,9764.79,38,1
1766,40,9961.05,0.3,0,597.7214365162223,1,46031.28,14,0
1767,54,2441.84,8.1,1,591.44401657663,1,39464.41,11,0
1768,71,22055.47,1.4,2,606.9533329896226,1,31525.65,26,1
1769,33,574.57,0.3,1,840.7591421547559,1,45491.98,20,1
1770,23,3963.86,1.5,4,491.7948454207603,0,13660.5,29,0
1771,25,963.11,2.8,2,528.6468863785701,0,21374.8,11,0
1772,42,3203.97,2.2,0,764.3825930089092,0,4746.46,35,0
1773,35,1963.48,3.6,1,538.4018656915148,1,23081.0,8,0
1774,42,4471.6,0.2,4,639.3580650335716,0,25566.84,53,0
1775,29,2693.23,1.0,6,703.4657369868208,0,30995.31,35,0
1776,32,1539.5,5.1,1,648.649901673203,0,3669.94,42,0
1777,43,1622.57,0.2,3,619.1765633102492,0,2107.07,8,0
1778,58,13988.17,5.8,2,693.8610769693984,0,21284.56,6,0
1779,62,4250.62,0.3,0,510.693144349503,0,9862.1,5,1
1780,43,763.79,5.4,4,550.3636870503999,0,38060.02,15,0
1781,64,4631.47,1.3,3,653.5637588465164,0,33602.45,28,0
1782,49,2551.05,2.8,0,393.0560740785749,0,16628.44,36,0
1783,27,2991.95,0.5,0,741.6583823344693,1,2766.27,15,1
1784,33,5744.0,0.2,2,630.3392375197781,3,9530.96,55,0
1785,24,7681.59,0.7,3,615.303175278115,0,34738.13,49,0
1786,34,1499.59,0.4,2,436.9487122358943,1,49513.16,10,0
1787,40,2910.87,1.1,2,471.33908746002624,0,16659.79,14,0
1788,43,1925.83,2.2,1,560.1416335699138,0,40198.82,10,0
1789,38,4805.37,2.7,3,680.7429850295599,2,43421.28,21,1
1790,39,2475.4,4.7,3,392.33839878014146,2,2884.95,43,1
1791,24,3051.54,3.2,1,678.8364800777356,2,45852.97,12,0
1792,31,2401.33,2.8,1,563.9968675891633,1,23577.03,34,0
1793,32,2738.33,1.6,2,577.6576527258349,2,48229.99,23,0
1794,70,11657.68,1.9,3,625.3592941690806,0,27158.51,25,0
1795,24,20183.34,1.6,2,626.9317237846411,2,12139.6,29,1
1796,26,4030.61,5.5,2,528.7571410063402,1,48746.08,27,1
1797,68,2751.84,0.8,1,662.4910088468843,0,12543.59,9,0
1798,65,831.72,0.0,4,368.0601860103561,1,44182.67,44,1
1799,25,1622.41,3.2,1,554.9581113432346,1,9069.86,37,0
1800,67,2693.54,0.7,0,615.3681763176904,0,33900.99,4,0
1801,40,1682.35,6.6,3,565.5050684785525,1,20858.93,30,0
1802,46,1830.01,5.9,0,417.3089696034018,0,48614.9,9,0
1803,35,10512.41,0.2,2,675.8027378760471,1,9646.25,44,1
1804,48,3050.41,0.3,3,475.1612187872948,0,20735.34,42,1
1805,47,3276.63,2.1,3,593.248599247171,0,32168.93,14,0
1806,69,1738.27,2.8,3,615.3034597067623,2,48892.21,54,0
1807,56,7646.75,1.0,1,601.9827153765367,0,15541.22,19,0
1808,52,2514.77,3.8,2,716.9010925863815,0,20145.12,24,0
1809,35,1965.12,2.7,2,594.6737440006314,1,23358.7,11,0
1810,59,841.68,1.2,0,642.745540469694,1,13008.67,54,1
1811,56,2838.75,0.1,0,594.4095966848759,0,40959.06,5,0
1812,34,1916.69,4.2,2,661.2956084166275,1,5053.78,24,0
1813,31,11471.99,0.7,2,739.3495297047523,1,35387.1,56,0
1814,48,13031.42,5.4,3,613.7541829472194,0,26929.48,38,0
1815,41,1109.62,1.6,3,678.1850357582999,0,12475.38,41,0
1816,52,1214.73,2.6,1,745.5328934882198,0,24895.11,20,0
1817,61,2389.75,6.2,2,735.7184246974272,0,41582.48,19,0
1818,62,1551.8,6.0,1,561.471059638879,1,22549.36,29,0
1819,51,3547.27,1.4,1,703.6432355745168,1,6533.94,56,0
1820,20,2295.49,0.7,0,624.8771160047193,0,2519.7,37,0
1821,54,3730.98,4.5,3,711.7229997733914,0,39000.92,34,0
1822,60,6720.21,1.7,2,656.863458356295,1,16856.44,5,0
1823,57,1272.35,0.6,2,627.5668076036188,0,46596.61,15,0
1824,43,6608.88,7.0,0,643.3972080346355,0,31048.79,19,0
1825,72,1664.16,0.7,3,625.5237956038932,0,22096.05,20,1
1826,40,16627.05,0.1,2,629.433304513651,0,28441.01,53,0
1827,61,10902.86,0.1,3,584.1167639418092,0,23128.07,19,0
1828,56,2723.13,2.9,2,574.8275659392483,0,45337.65,58,0
1829,32,1379.03,3.3,5,776.3174929372669,0,23172.08,50,0
1830,73,1183.35,1.1,3,647.7527911111184,2,5651.19,18,0
1831,66,5996.33,1.2,0,542.66950777686,0,30055.86,24,0
1832,21,2909.33,1.2,3,572.2582568570357,0,31337.56,27,0
1833,46,6257.23,3.4,2,705.6258453447952,1,38383.84,3,0
1834,39,17385.35,0.2,4,526.381328991138,0,46697.57,29,0
1835,42,1609.52,7.9,2,451.7972318188989,5,22432.54,16,0
1836,30,1114.2,0.8,4,459.1550859397955,0,17927.79,30,0
1837,35,3477.43,24.1,4,427.10243997952125,2,24793.17,49,0
1838,50,7448.8,0.6,2,470.1185141735542,0,45059.85,38,0
1839,33,1404.77,4.4,2,481.91340601991897,0,49009.13,54,0
1840,62,3064.68,0.8,3,738.5237379608138,1,48576.13,55,1
1841,59,8919.85,0.3,2,595.3820787340732,0,11869.93,45,0
1842,61,807.3,6.2,2,563.6736460863283,0,25096.32,52,0
1843,19,3598.44,5.9,3,455.65869369814266,1,13343.96,34,1
1844,72,1935.11,1.6,3,585.687360252866,0,18715.15,31,0
1845,52,3292.25,3.6,2,426.2671937435807,0,2068.36,19,0
1846,59,5259.69,2.4,2,563.0582828713635,0,8449.76,30,0
1847,51,3556.91,5.8,2,806.4494389843675,0,20155.26,43,0
1848,47,1328.52,1.1,4,666.3803578706365,0,18552.88,23,0
1849,72,1996.2,2.2,4,579.020183964547,0,14302.21,26,1
1850,30,9332.65,2.0,3,669.8123605406356,0,11900.32,48,0
1851,30,3878.28,1.3,2,547.8456821872431,0,37573.31,37,0
1852,35,5838.65,6.7,4,519.9322257120812,0,15080.21,22,0
1853,49,3641.81,0.5,2,770.4129629532843,1,35473.91,54,1
1854,49,5694.71,0.5,2,485.77253460797266,0,18746.94,24,0
1855,52,2171.3,2.6,6,564.5878764322649,0,40197.97,6,0
1856,56,1613.23,3.2,1,630.603328236351,0,8778.05,18,0
1857,63,5491.51,0.6,0,506.37657942425517,0,8301.39,23,0
1858,69,7345.91,1.5,1,665.060495363141,0,34143.78,46,0
1859,46,1434.5,8.8,1,569.3405475357747,1,45788.3,23,0
1860,66,1880.41,0.8,2,666.3910327566857,0,7577.84,42,1
1861,46,2616.04,3.3,0,658.5984179750518,1,4148.38,43,0
1862,70,10892.83,4.0,5,575.698786937417,1,46764.54,13,0
1863,61,4677.45,1.8,4,771.0658672590985,0,6307.68,58,0
1864,74,1033.52,8.3,3,533.4664196566558,0,12893.16,39,0
1865,33,2767.26,4.0,2,734.8870470548737,0,46509.96,46,0
1866,73,2448.66,1.8,1,717.4933242628041,1,40244.44,24,0
1867,61,1166.06,2.5,2,777.0882207660441,0,17466.51,22,0
1868,64,2741.24,3.5,3,617.4056039343021,0,47749.12,4,1
1869,74,2363.67,2.7,4,521.141428807201,0,28618.4,45,0
1870,27,2232.09,6.3,1,807.6796585329547,1,4076.29,13,1
1871,47,2151.88,1.3,0,566.5298532023636,1,35301.81,23,0
1872,42,9673.2,1.1,1,518.6457427294464,0,27095.23,35,0
1873,56,2228.4,0.7,0,581.0213254095187,0,28843.11,51,0
1874,37,3101.8,0.1,2,501.83092838429224,0,49708.16,19,0
1875,22,2844.06,0.1,2,652.6148825123346,0,8049.46,38,0
1876,18,1990.19,6.1,0,539.4331618241488,0,33011.4,16,1
1877,47,3176.72,3.4,0,571.2515830095128,1,23207.68,39,0
1878,66,3140.95,3.2,0,696.7778861664963,0,13958.71,33,0
1879,20,3177.36,2.9,0,662.3693210176192,0,34830.47,6,0
1880,62,1499.09,5.7,2,601.5584572569659,0,33576.53,8,0
1881,31,2527.79,2.0,3,617.0873528746982,0,42896.51,52,0
1882,73,5476.7,6.1,2,601.2255430631542,0,44004.03,23,0
1883,47,2581.55,1.3,2,556.8844933582635,0,28310.06,15,0
1884,67,3392.85,7.8,3,599.7473339152212,0,16615.84,40,0
1885,21,3407.14,3.6,2,649.0841625492943,2,26714.23,17,0
1886,35,4162.69,0.9,3,587.383787102116,1,18283.13,7,0
1887,54,4660.7,2.5,3,641.9767630230274,1,14229.13,40,0
1888,42,2593.28,2.3,3,516.3331221576952,2,27802.98,26,1
1889,65,1437.89,0.4,2,539.6106348854295,1,33067.74,20,1
1890,18,1124.43,2.7,0,526.5679496726025,0,29733.28,31,0
1891,70,6728.78,1.1,4,543.4868628207594,1,47743.77,34,0
1892,63,5520.37,0.2,1,728.7181046706091,0,15282.49,9,0
1893,32,5011.51,8.9,2,672.603879311036,0,18930.91,32,0
1894,26,5704.23,3.1,3,492.30768813156544,1,33548.32,40,1
1895,32,2619.54,6.3,5,643.7498296408455,1,30217.75,28,1
1896,66,1808.22,3.4,1,560.941768735143,0,592.24,10,0
1897,74,1360.59,1.3,2,531.7615414528434,0,15958.13,27,1
1898,41,1247.03,2.2,2,451.4260534277493,2,13061.21,32,1
1899,21,7861.45,3.4,3,697.1918693820244,0,42075.79,26,0
1900,29,2009.18,9.7,3,463.6136850332862,0,43379.31,32,0
1901,54,6931.89,0.9,1,594.8036821990125,0,14552.71,7,0
1902,54,2567.0,6.2,4,505.3688754275131,0,5552.52,6,0
1903,60,1735.42,7.7,2,677.5843947069925,3,10657.5,53,0
1904,23,1242.04,3.3,3,566.564817368605,0,9240.14,44,0
1905,56,1862.13,8.0,1,586.5537344479656,0,12253.05,11,0
1906,73,9270.49,1.5,3,589.9265737069967,1,12114.92,57,1
1907,63,1252.17,9.2,1,630.2570334935783,1,24252.01,35,0
1908,41,16210.22,3.6,1,601.3004763983309,1,16322.25,53,0
1909,28,1521.59,0.1,1,595.6726811038884,1,28211.18,31,0
1910,30,5431.44,7.1,4,548.1598024745222,1,17534.66,33,0
1911,51,2653.94,2.0,2,442.5270626657907,0,40826.51,46,1
1912,42,2306.65,1.9,0,488.1449040458144,0,47564.23,21,1
1913,24,1078.0,2.5,1,671.8479738680645,0,20493.96,47,1
1914,69,2755.31,0.5,4,569.4180536673703,1,2948.69,56,1
1915,21,1180.12,1.9,1,533.599022227752,1,12359.12,49,0
1916,25,776.45,5.3,1,459.4271855581955,0,5541.98,4,0
1917,37,3280.26,0.0,3,428.0352859909648,0,17565.81,22,1
1918,46,1793.03,1.0,0,529.6793119871802,0,32433.15,14,0
1919,71,11469.87,0.0,1,688.8052854045258,1,26185.94,52,0
1920,70,6634.36,1.6,1,544.2929806377681,1,12522.35,23,0
1921,68,11590.55,3.9,2,640.0485525241447,0,38479.32,33,1
1922,62,1728.99,4.8,2,539.6940170602043,0,7008.3,38,1
1923,63,3323.95,8.7,1,663.8866696028849,1,11795.7,22,0
1924,27,366.3,2.8,2,564.8249198191331,0,33964.33,46,0
1925,60,2379.29,0.9,1,476.81157544495034,0,10263.1,22,0
1926,51,3225.36,7.7,2,573.1046932100556,1,34098.75,47,0
1927,74,3371.92,4.5,2,783.4000418280407,0,48858.6,38,0
1928,43,2881.61,2.6,4,778.9884315550855,1,41651.99,48,0
1929,58,3144.07,3.6,1,648.6533302779364,0,8420.52,55,1
1930,66,340.16,7.7,4,586.2941184586298,1,26264.67,20,1
1931,20,3659.12,3.7,3,630.3901802095083,1,21404.92,8,0
1932,73,4388.54,1.4,3,631.6852338733289,0,49587.64,35,0
1933,23,8694.28,3.7,1,596.0113247632898,2,48237.83,12,1
1934,22,4003.77,0.1,3,644.0944019922617,0,6792.05,20,0
1935,22,2684.93,1.5,2,620.8226862153564,0,45482.18,53,0
1936,71,7215.26,1.6,2,568.4027614635686,0,10074.21,36,0
1937,64,452.2,0.5,1,480.4743200616357,0,16312.85,17,1
1938,40,1974.44,0.1,1,553.9940757779834,0,17993.69,5,0
1939,66,1615.42,0.4,0,679.9518849073597,0,14697.69,10,0
1940,26,2899.76,3.2,3,596.8537775504635,1,42735.57,53,0
1941,52,513.4,4.9,3,630.0286891587505,2,16831.65,13,1
1942,37,8567.31,13.3,3,571.6984472295587,1,40928.55,48,0
1943,66,2440.97,1.3,1,494.04024949893756,1,49721.65,34,1
1944,59,3846.96,2.7,1,576.1370285128177,0,42117.7,50,0
1945,52,3563.41,8.3,1,497.75440992506486,2,17634.07,44,0
1946,67,8184.46,0.5,6,491.3710826396449,1,35706.99,19,0
1947,35,672.12,3.8,3,720.563660886941,1,26929.21,49,0
1948,34,3261.22,4.2,1,557.9913995065783,1,39432.63,32,0
1949,41,7457.25,0.3,4,525.8515274539966,0,8078.32,45,0
1950,20,2756.21,5.9,1,761.7959684380905,1,32087.66,10,1
1951,49,1392.68,5.0,1,681.4985035404242,1,38796.51,42,1
1952,52,1838.84,0.1,2,562.8490774498161,1,38180.95,9,0
1953,55,2176.88,0.3,0,642.7636325552369,0,48197.85,22,0
1954,30,1674.32,0.2,2,576.4211681739297,0,3391.36,14,0
1955,73,2637.93,1.2,0,530.73203207204,1,17616.08,23,0
1956,64,9962.65,2.1,1,647.4691224485005,0,24089.4,30,0
1957,42,1848.46,2.3,3,567.5698114679797,1,15833.29,30,0
1958,26,2018.0,0.9,3,607.5498008999404,0,15834.58,18,0
1959,21,4306.26,7.3,2,702.1363234899671,0,9218.37,50,0
1960,31,2591.89,1.4,1,691.1213103795377,0,40741.09,12,0
1961,54,1029.32,0.1,0,544.9906708143924,0,45449.42,56,0
1962,51,2838.55,1.1,2,648.6031602287086,0,4575.2,24,0
1963,28,2754.21,2.3,1,487.21437538542443,1,8167.5,9,0
1964,58,6506.41,1.6,2,645.0414161315705,0,11808.42,6,1
1965,73,1369.61,1.0,4,614.8495305801106,0,25694.88,26,0
1966,20,6541.07,0.4,1,637.8979362363431,1,39663.02,36,1
1967,45,2756.55,5.1,4,570.2555245355767,0,4037.05,43,0
1968,46,1228.62,16.7,0,808.4071273652489,1,32022.24,49,0
1969,26,1046.26,1.2,1,509.8700292379686,0,7892.11,56,1
1970,20,14009.78,1.4,0,697.1551710968462,1,48587.12,16,0
1971,42,2622.98,2.9,1,496.83016802316683,0,44989.28,46,1
1972,51,6305.66,3.8,1,650.4344174629321,0,47504.35,51,0
1973,29,760.14,1.5,5,657.5789977251783,2,5755.11,19,0
1974,59,24591.49,7.1,1,605.4975871562285,0,24657.8,47,0
1975,26,6091.17,2.5,1,550.4675589456295,0,8679.71,10,0
1976,32,2430.0,1.8,0,614.1134890745299,1,30217.6,44,0
1977,57,2333.37,3.1,3,626.7010333430175,0,12020.59,15,1
1978,42,5365.14,9.2,2,778.9936486306283,1,38646.23,9,0
1979,22,5124.28,4.7,2,512.7659714699704,0,32378.13,5,0
1980,28,3449.63,0.1,2,544.4086503685999,2,28794.43,26,1
1981,51,3007.01,1.2,3,628.4735557069337,1,41348.74,49,0
1982,41,4669.72,1.9,1,574.3946209604749,0,25263.52,26,0
1983,32,739.99,1.1,1,589.99589622694,0,13857.66,9,0
1984,55,2214.94,3.6,1,707.035183536376,0,31224.92,32,0
1985,25,798.32,5.3,3,317.9733496570765,0,47874.6,7,1
1986,22,4835.18,3.9,4,540.2050654982189,0,30257.39,42,1
1987,65,1736.02,13.6,3,425.763077374875,0,31666.16,23,0
1988,43,847.88,1.0,0,480.4183563095929,0,46770.16,51,0
1989,35,1579.67,6.2,3,840.462449207247,0,26006.12,10,0
1990,23,3359.29,4.4,3,659.8168133952756,0,49819.69,9,0
1991,54,2529.6,1.3,0,695.1564925058104,1,8403.27,41,0
1992,65,1166.16,4.0,3,591.9470350213569,0,27083.47,4,0
1993,30,762.12,0.3,4,675.8713824831909,2,11038.59,45,0
1994,45,3162.59,4.7,1,423.3435492479751,0,22939.66,14,0
1995,22,1873.17,2.3,3,703.8298411769601,1,8943.41,30,0
1996,30,2424.88,1.0,2,518.01558814401,0,11515.17,46,1
1997,34,2623.47,3.2,1,546.8684180674087,1,10934.6,21,0
1998,67,4205.1,3.1,5,650.5151070454652,0,16341.55,30,1
1999,57,5869.69,0.7,1,631.6446758582215,0,7162.95,37,0
2000,62,3351.65,0.1,0,608.4620048393549,0,40562.44,14,1
2001,49,2306.83,1.7,2,463.69038464196814,1,11423.44,30,0
2002,46,3040.6,2.5,1,609.9813668821641,0,21120.17,28,1
2003,68,2272.44,6.3,4,696.0561353483229,1,1294.83,40,0
2004,20,801.08,7.9,1,546.7512903900206,0,5691.64,8,1
2005,73,7140.63,2.3,1,731.4937045340296,0,44865.46,21,0
2006,57,6141.05,4.2,2,512.730806408599,0,41939.43,29,1
2007,51,14627.63,1.7,1,600.6547891718374,1,42125.66,55,1
2008,57,18479.17,4.1,3,753.5327733376613,0,20861.99,11,0
2009,44,1163.5,0.7,5,531.860008730039,1,7505.77,57,0
2010,30,2279.43,1.4,1,705.3985483377073,0,5840.78,43,0
2011,62,22230.75,3.0,2,797.4652362221809,0,30477.33,52,0
2012,50,2885.81,0.1,3,617.104406892415,0,41495.57,12,0
2013,23,3624.13,3.8,3,547.2983012616693,0,45055.67,12,1
2014,41,882.8,5.4,3,522.7261197049977,0,14792.22,35,1
2015,36,3361.8,1.5,2,730.4602703347325,0,16390.82,20,0
2016,33,13982.37,1.8,0,727.669419933965,0,5493.39,56,0
2017,57,8344.02,5.7,2,744.9309122868675,0,38833.28,12,0
2018,45,1829.89,4.5,3,596.7161649344052,1,14146.67,9,1
2019,50,2171.01,1.0,2,703.7806941527105,0,24306.01,42,1
2020,65,1206.26,1.2,0,595.116060887393,2,46480.42,34,1
2021,58,1508.8,3.4,3,511.6944878391641,0,37734.68,45,1
2022,30,646.67,2.5,4,712.4176785112353,2,3110.53,56,0
2023,60,2785.39,0.5,1,763.3870278278205,1,903.65,8,0
2024,62,9977.51,1.1,4,497.93980272186803,0,39476.69,21,1
2025,42,3961.37,6.9,0,496.056903709933,0,27848.76,43,0
2026,70,8892.75,3.5,3,603.9981934230125,0,36156.55,45,0
2027,59,7034.62,12.8,3,695.6128605741,0,8262.36,36,0
2028,53,1924.75,4.4,3,486.61808062460466,0,43666.37,45,0
2029,44,1623.59,8.5,3,622.7015736955906,0,38779.59,7,0
2030,55,1674.14,0.7,2,540.9573045940248,1,44596.53,21,1
2031,24,754.72,4.4,1,670.0829099825003,0,17384.26,51,1
2032,22,3059.06,0.1,3,520.211317850411,0,14147.41,52,0
2033,60,291.91,3.3,1,677.180300027418,0,8010.71,56,0
2034,62,4784.48,1.9,3,584.1785189182292,1,46539.38,16,0
2035,74,3157.4,1.3,3,506.28594763189574,1,9253.05,12,0
2036,68,4346.61,6.0,3,606.3689955426888,0,6406.2,51,0
2037,48,6943.86,5.8,2,406.2026685511647,0,10037.57,13,0
2038,40,3494.81,0.1,3,544.090542789506,0,38683.4,33,1
2039,59,10995.68,2.8,1,633.7401070324662,1,44531.7,4,0
2040,27,4902.77,1.4,2,422.8245220968105,0,40640.22,12,1
2041,49,1626.68,1.6,1,342.88631468945886,1,28380.31,23,1
2042,60,2464.71,5.4,4,366.0632680186833,0,49697.27,3,0
2043,70,488.32,1.1,3,732.712855550037,1,3908.28,48,0
2044,47,1448.45,8.6,4,592.324098723727,2,43425.99,33,0
2045,56,2197.78,0.6,4,546.7534605992813,0,21671.84,13,1
2046,48,4614.78,3.3,4,694.515473566683,0,23028.56,45,0
2047,35,1635.51,3.3,4,559.5550317530889,0,6815.95,12,0
2048,53,1099.92,0.9,1,626.8461899866732,1,2154.93,22,0
2049,19,658.51,1.2,0,602.5755350923263,0,16173.1,23,0
2050,31,1849.86,5.4,0,552.9000579247022,0,9155.25,39,0
2051,30,14195.52,4.3,4,629.4145883889106,0,24425.27,39,0
2052,46,3702.95,1.2,3,677.3261221420145,1,7792.86,16,0
2053,29,6321.19,2.3,0,581.5093382983013,1,7327.42,59,0
2054,56,1450.93,0.2,1,553.9444426845386,0,43910.46,59,0
2055,19,846.61,0.7,2,565.7487592000547,0,46104.09,7,1
2056,49,1122.3,2.0,1,370.2087467214268,0,48228.7,8,0
2057,30,2758.09,0.3,1,628.3059546508912,1,34184.87,26,0
2058,63,604.68,5.6,6,479.08887110114483,2,38665.32,18,1
2059,44,1332.39,3.8,1,662.9718724118924,0,41871.35,25,0
2060,66,1864.8,8.6,2,590.9575899324706,0,33116.64,49,1
2061,58,1036.14,3.5,0,610.512109653044,0,16847.03,40,0
2062,34,545.15,8.5,1,670.0329170606202,0,8241.16,54,0
2063,57,3758.3,2.4,1,507.34762336590654,2,12245.03,18,1
2064,48,3092.38,2.8,2,636.9248443350957,0,42100.5,53,0
2065,51,5559.28,11.3,1,626.7621052562665,0,34956.81,54,0
2066,41,1226.18,3.1,0,581.5219167357207,1,23061.89,15,0
2067,62,5474.95,0.1,1,507.1813799236462,2,1955.55,53,1
2068,52,10131.89,3.9,3,659.5238364055164,0,13677.12,47,0
2069,65,3676.7,7.1,1,670.3454544419316,1,36580.43,10,0
2070,23,1829.96,4.8,1,611.3602025977884,0,25863.17,40,1
2071,36,3347.82,2.6,3,492.96975842853556,0,22058.86,34,0
2072,47,1761.23,3.3,3,547.2550967074546,0,16027.13,24,0
2073,24,1541.6,13.9,1,593.9667277579933,1,30543.13,19,0
2074,27,5149.26,0.3,0,668.8494549982094,1,48336.08,7,0
2075,58,2667.13,3.3,4,441.65105988868834,3,45105.62,10,0
2076,49,7817.16,1.0,2,543.6196535695624,0,2009.65,52,0
2077,51,2092.39,3.1,1,559.7327440057798,0,24307.21,32,0
2078,45,2268.92,2.8,3,591.677842059697,0,16808.73,21,0
2079,32,1894.65,0.5,1,469.8674715975153,0,25774.93,14,1
2080,47,1216.65,0.7,1,578.2467221626666,1,30507.58,27,1
2081,54,5718.95,2.9,4,568.951643568741,0,10401.39,46,0
2082,46,17129.7,0.4,4,496.2408128510343,0,39187.62,15,0
2083,39,2195.62,0.9,1,588.2032415831316,1,24015.87,6,0
2084,21,1729.53,5.4,2,545.8830903214498,0,49604.3,12,1
2085,37,1642.12,1.2,4,649.5586142509708,1,1743.81,50,0
2086,49,1730.58,2.0,2,511.46724389956614,1,9891.1,30,0
2087,53,11157.05,8.5,2,608.9834122128456,0,34636.68,7,0
2088,67,1677.76,0.8,1,519.1611162770732,0,34911.4,30,1
2089,21,1866.44,1.5,2,540.0245761841187,1,29318.32,46,1
2090,44,1105.13,2.8,1,629.7291627705406,0,48612.02,33,0
2091,34,3770.33,4.2,3,623.4717732842156,0,21058.09,18,0
2092,29,2824.87,7.0,4,558.2977817421639,0,21143.32,25,0
2093,39,1200.22,7.4,3,573.0589381667332,0,45568.58,31,0
2094,34,1459.34,4.5,1,454.6393554890476,2,27152.87,49,1
2095,27,10161.35,0.8,0,740.27643105807,0,18009.52,23,0
2096,71,3059.99,0.1,1,668.7456397878028,0,36087.43,4,0
2097,18,3233.59,1.5,4,665.1448050871106,1,31173.7,25,0
2098,39,3243.87,0.5,1,440.4967783043785,0,15667.3,18,0
2099,43,9097.0,3.7,2,540.4510007510713,1,15247.48,13,1
2100,73,1291.85,3.2,0,566.5453971076378,0,20082.83,56,0
2101,35,2170.87,0.1,5,406.89385079659877,0,4045.19,11,1
2102,67,2604.06,5.4,2,688.9950096076086,1,47159.54,4,0
2103,31,752.24,0.9,1,745.3884488548136,1,9559.49,20,0
2104,64,1432.37,1.7,3,806.1934956003614,0,10094.3,15,0
2105,46,6886.65,3.3,4,495.4116172482263,2,32528.4,47,0
2106,29,5476.22,1.7,1,611.7323496834274,0,36350.23,10,0
2107,53,6308.5,1.7,1,732.2818269150421,1,36973.36,12,0
2108,52,1860.74,0.2,4,574.6381521053046,0,19066.21,29,0
2109,69,2053.79,1.5,4,543.3012086157322,0,43729.78,19,0
2110,29,713.05,4.3,1,413.39823264555093,2,27427.95,26,0
2111,24,6282.65,7.4,2,713.2622457771749,1,22210.08,23,0
2112,46,7167.57,1.6,3,598.0739243926635,0,40614.13,3,0
2113,28,7094.94,1.7,2,527.0658141036938,0,12556.28,18,0
2114,50,10756.58,3.6,3,628.385728982886,0,43079.18,45,0
2115,23,4178.41,8.6,2,615.3005373178665,1,27172.06,35,0
2116,64,10357.91,0.9,8,616.8259102354591,0,45052.88,8,0
2117,32,2539.24,1.7,2,578.2901937673324,1,10479.82,14,0
2118,49,725.16,4.8,1,762.2358158763366,0,46835.12,34,0
2119,68,5934.75,2.8,1,586.6340266737578,0,34549.9,50,0
2120,28,704.08,0.4,0,761.9322076323305,1,31107.26,13,0
2121,40,3415.78,3.0,0,656.4116926400197,0,21392.34,20,0
2122,43,6401.32,0.6,2,635.1170142761731,0,47837.59,4,0
2123,51,3863.8,2.1,1,588.6725246721845,2,22474.02,34,0
2124,63,18445.85,2.3,3,697.3956693545921,2,25177.88,51,1
2125,51,618.48,6.3,2,611.2991767577995,1,39184.16,51,0
2126,46,2789.76,1.9,1,506.78687848864683,1,14599.7,22,1
2127,21,3022.88,1.0,1,503.45078090019643,0,14929.02,23,1
2128,34,1017.11,0.8,2,642.2484621934273,0,38877.24,38,0
2129,52,1184.43,6.2,4,509.2621114833504,0,6864.7,40,0
2130,30,1516.1,0.6,2,593.7768943027501,1,41236.74,58,1
2131,58,1236.8,1.7,2,705.7184538551091,0,31446.16,29,1
2132,56,2734.23,0.6,1,630.3970177894333,1,27184.65,49,0
2133,32,1840.2,4.5,1,527.7865129671252,1,11840.91,13,0
2134,72,3844.22,1.9,1,740.998751161614,0,39425.22,20,0
2135,46,5011.77,1.3,1,654.7875236994702,1,40345.18,19,1
2136,46,4747.74,1.3,2,701.779298720409,0,24405.62,36,0
2137,28,2147.16,5.7,2,373.24416567906974,0,19763.86,47,0
2138,69,3742.77,2.4,4,633.0852878262746,1,12685.01,28,0
2139,49,6823.33,3.8,3,684.2157836379894,0,37834.58,8,0
2140,19,4257.56,6.8,4,770.0288642297992,0,32152.87,45,0
2141,64,13189.58,7.0,5,453.61814158489585,0,10728.24,32,0
2142,31,6540.33,1.2,3,720.6114589194533,1,39826.17,54,0
2143,37,11786.68,9.1,2,764.4380285701245,0,44169.16,41,0
2144,39,405.91,0.1,1,398.2711022721021,0,3432.74,52,0
2145,28,3220.66,1.4,3,647.8591109869743,0,38734.82,34,1
2146,44,2300.44,6.8,2,661.7620814340702,2,42713.7,19,1
2147,20,2697.33,1.0,0,567.2992337348094,0,49579.64,15,0
2148,34,1565.61,1.0,4,550.990553993371,0,12261.27,55,1
2149,61,4092.7,1.1,3,666.7853913287822,0,18864.66,48,0
2150,73,701.57,2.8,2,538.5018246589368,1,48326.46,43,1
2151,45,4116.46,1.7,0,578.2750671581903,1,5153.77,15,0
2152,46,1607.81,3.9,1,681.2434900823921,0,26423.54,8,0
2153,38,1997.58,6.8,6,775.4043050326865,2,25583.86,24,1
2154,64,4233.57,3.4,1,653.7984272542018,2,30524.11,35,0
2155,33,3174.87,0.7,3,613.3484495414511,1,16874.23,35,0
2156,54,6926.69,8.1,2,548.360251533923,0,46332.95,6,0
2157,37,1372.51,0.9,4,498.93999593489434,0,13868.03,16,1
2158,23,2794.58,0.5,0,710.9578241500949,1,32659.93,52,0
2159,36,6069.42,0.3,2,584.6550148873115,0,25048.39,50,1
2160,74,3979.69,2.5,3,715.0703274666729,0,13700.34,37,0
2161,22,4190.08,0.4,1,567.0448122004539,0,9848.26,29,0
2162,20,7233.18,0.4,0,535.0711338638989,1,47849.83,8,1
2163,18,2153.84,1.1,1,642.0798888827516,0,28283.93,3,0
2164,55,1819.9,1.0,4,592.34640607316,1,30407.45,45,0
2165,32,4725.48,2.8,2,479.44713953892625,1,39253.33,30,1
2166,51,2645.08,5.1,1,781.7368329781848,1,4520.72,31,0
2167,52,7315.59,4.3,1,537.3016226228362,0,35831.33,34,0
2168,66,4007.08,0.9,2,692.7591521174213,1,8674.44,30,0
2169,42,1810.43,0.8,1,684.1856629396482,0,37153.81,29,0
2170,41,3907.71,10.1,3,474.0537235085643,1,7495.77,12,0
2171,29,1447.86,0.0,4,499.76123553835157,1,41708.44,20,0
2172,35,6358.47,6.4,2,569.8490660299872,1,34210.3,6,1
2173,32,974.84,0.7,2,513.4353455421683,0,19601.57,40,0
2174,61,7924.01,8.8,4,772.6456371878688,0,18262.3,53,0
2175,33,3853.36,1.3,1,579.9824363201488,0,7872.88,43,0
2176,44,2613.25,1.7,1,688.9749042814068,1,45250.64,44,0
2177,25,5489.91,3.7,2,651.3637389000204,0,6367.2,54,0
2178,63,4487.55,2.7,1,626.4022448996353,0,23867.83,57,0
2179,42,8641.27,1.1,1,604.0321210739588,0,12207.66,34,1
2180,34,8577.08,2.4,3,723.7130707788697,1,49818.21,7,0
2181,46,3951.43,3.9,5,517.4907026664984,0,29499.28,24,0
2182,70,1484.13,0.1,3,772.6335310456586,0,7904.43,59,1
2183,25,1932.93,0.0,1,471.2776819495905,0,33544.42,50,0
2184,32,2814.9,1.8,2,678.1511725622424,0,49584.65,59,0
2185,44,7082.47,0.4,6,459.48361400602175,0,30449.64,24,1
2186,63,2069.15,3.3,1,568.4294447773041,0,23140.27,4,1
2187,67,2211.99,0.7,2,609.3309938060967,0,15016.87,43,0
2188,69,13077.92,1.7,4,551.3304651170486,0,5060.11,45,0
2189,24,2742.32,0.7,3,581.8330430383108,0,11798.19,36,0
2190,20,1794.02,2.4,2,461.30295520692067,0,27904.23,52,0
2191,46,5548.69,0.4,0,501.25495312764485,0,37812.39,4,0
2192,61,2850.05,0.1,5,649.8264707195882,1,43957.58,48,1
2193,70,980.75,0.2,0,602.9671824977445,1,39788.76,57,0
2194,41,6854.98,9.3,1,530.9471974178493,1,6710.53,38,1
2195,20,1639.86,0.5,2,732.4277763129671,0,38786.26,42,1
2196,37,3086.73,3.7,2,478.0069100009784,0,29289.43,10,0
2197,63,2822.81,0.2,4,563.8409534135938,0,23720.82,35,0
2198,32,3583.45,0.3,3,549.4343721821529,0,28851.82,35,0
2199,42,516.53,2.1,2,661.5037627761044,0,899.73,6,0
2200,47,2279.98,1.9,2,604.8163691137195,0,3852.65,20,0
2201,31,7331.02,9.1,1,589.1834753465403,3,26529.54,21,0
2202,24,8203.83,8.7,1,415.5783296132761,3,9094.15,12,0
2203,34,1348.8,4.5,1,686.5034480632092,1,27504.28,52,0
2204,61,6225.93,2.8,6,578.2174185168263,0,18033.57,44,0
2205,37,1621.09,1.8,0,611.566101761042,0,45416.9,43,0
2206,53,2209.17,1.3,3,525.1436779906122,1,47509.33,32,1
2207,26,2304.02,8.8,4,509.4171237182927,0,48999.31,24,0
2208,55,3252.06,2.8,3,749.9287758475687,1,44997.43,41,0
2209,65,6641.5,2.6,3,422.67614217375876,2,49301.6,40,1
2210,74,3683.68,0.8,0,494.58009722172284,0,35454.28,3,0
2211,39,2694.84,0.1,0,748.049215266908,0,48046.84,32,0
2212,71,6463.0,8.7,2,664.0746380998654,2,32268.73,7,0
2213,70,1568.49,1.1,2,567.453746825758,0,40556.1,53,1
2214,70,2802.38,1.8,0,724.6596314288653,0,7029.54,49,0
2215,19,6611.89,0.4,1,644.6860116396009,1,34288.68,28,0
2216,41,4552.56,5.4,0,623.2660091974419,0,46589.61,58,0
2217,25,2052.79,0.1,6,622.5562017102418,1,27232.39,48,1
2218,28,888.59,5.4,2,646.5238217214494,0,9747.58,33,0
2219,30,3822.6,0.5,5,650.5692501297453,1,26580.98,41,0
2220,34,843.08,6.5,4,819.5973052895956,0,35493.58,43,0
2221,25,2514.93,3.9,1,580.5107188327328,1,38604.53,14,0
2222,38,7655.34,0.5,4,583.5952811851796,1,26423.25,19,1
2223,35,4804.97,2.5,4,476.3106812429286,1,11259.72,20,1
2224,47,590.56,1.1,2,594.8102613178982,1,46371.1,4,0
2225,35,3499.45,0.6,1,786.2886899544819,0,38794.06,51,0
2226,63,2309.22,5.9,2,698.4485002434657,0,13899.08,26,0
2227,64,1076.02,1.6,2,545.6332256124672,1,40684.74,30,0
2228,48,3897.21,1.5,2,603.0041364521285,0,17719.2,54,0
2229,55,2011.45,0.6,4,470.35616244150054,1,15965.35,41,0
2230,49,2021.45,1.4,0,503.08806557016936,1,43222.29,12,0
2231,28,3291.95,6.2,1,614.9441152613717,0,43725.14,49,1
2232,62,1806.76,1.4,1,550.5545397179548,0,20224.83,35,0
2233,42,3218.24,9.1,2,495.5400210621582,0,941.68,26,0
2234,50,1854.44,8.8,3,648.9840764737892,0,9735.0,13,1
2235,55,1937.65,0.5,0,591.7749913346676,0,45510.17,10,0
2236,58,6596.83,0.6,1,443.24496283089604,0,44988.09,29,0
2237,25,7156.22,6.0,1,392.4853033832212,1,22940.57,28,0
2238,28,759.82,1.5,0,542.9988501425746,1,15553.78,14,1
2239,39,5418.96,0.0,1,441.17348565584723,0,15486.04,37,0
2240,68,9125.91,1.0,2,413.1088593529346,0,44911.14,59,0
2241,41,10362.01,2.7,1,712.8969201402085,0,16574.3,17,0
2242,58,4520.17,4.8,2,590.2289110134707,2,25823.22,23,1
2243,34,1279.32,0.4,3,573.4553621774497,0,36685.05,39,0
2244,29,4934.39,0.4,3,581.1594183849251,2,10869.31,32,0
2245,74,1487.12,7.7,2,486.21678492070305,0,13065.03,7,0
2246,63,2265.67,4.2,2,641.0976165014168,0,18224.06,19,0
2247,49,4049.97,2.7,0,586.9299673267459,1,32884.06,28,0
2248,32,1565.86,4.4,1,524.2591344020589,0,40965.79,36,1
2249,33,1191.39,1.7,1,539.2371315475,0,27561.94,35,0
2250,71,4326.95,4.3,2,477.2541286787705,2,7079.97,20,1
2251,39,13276.88,1.4,6,559.3757127098165,0,22589.15,27,0
2252,45,8059.34,0.8,1,576.0372119217486,0,6820.69,43,1
2253,37,5248.77,3.9,1,556.7716670870036,0,4870.71,32,0
2254,50,6524.69,1.6,3,605.5154557341586,0,29686.03,39,0
2255,27,4965.03,12.0,4,592.1488295238244,0,47832.5,22,0
2256,57,4272.35,1.3,1,623.0768538664607,2,41961.79,47,1
2257,49,6117.41,7.6,2,694.3097036921595,1,38836.33,4,0
2258,67,997.56,8.1,2,659.302347721308,0,36489.27,56,0
2259,50,3496.75,0.8,1,695.4589840510336,1,44907.83,15,0
2260,19,2794.03,4.8,1,515.2265770173772,1,37765.34,59,0
2261,50,3175.19,1.7,0,549.1385105911343,0,31530.43,42,0
2262,50,2060.91,7.5,1,665.3596683945967,0,18551.66,44,0
2263,58,4520.56,1.8,2,667.1477671432086,0,5496.72,22,1
2264,30,1549.45,4.1,3,532.1379382463118,0,23321.15,8,1
2265,47,1944.8,1.9,2,661.1583925781742,1,46276.82,13,0
2266,50,1766.75,0.8,5,505.64678833540586,0,29363.46,48,1
2267,30,5950.06,0.7,1,648.1055724141794,0,9632.96,27,0
2268,69,2953.13,1.7,1,597.370379913436,1,32626.65,44,0
2269,43,2061.8,4.2,1,461.55643960936635,0,23540.38,12,0
2270,39,2211.12,2.8,3,556.5926178240593,2,46603.31,33,1
2271,56,2990.23,3.5,2,818.2267809695493,0,8466.53,45,0
2272,19,10913.33,1.0,0,620.2780362804995,0,35744.58,6,0
2273,55,1108.52,2.0,2,830.044997671826,3,34239.32,27,1
2274,56,5117.43,0.1,2,455.60734701249635,1,49185.31,30,1
2275,43,4348.08,5.1,1,675.0741792663842,0,28463.15,26,0
2276,63,1470.9,13.8,0,346.56638081928844,0,43642.91,37,1
2277,67,9638.29,1.6,1,599.9764515085217,1,1723.34,43,0
2278,32,4589.03,0.0,3,663.1217377651321,0,6583.15,7,0
2279,51,1985.87,0.6,1,683.7890094996276,1,17623.96,35,0
2280,59,673.49,3.2,5,520.0730275419587,0,31156.71,13,1
2281,72,3580.71,2.8,2,703.9090421976737,1,22729.43,10,0
2282,61,2876.14,4.7,3,546.6285239955305,0,10533.46,23,1
2283,66,1306.92,0.9,2,583.5902748887603,1,29665.59,34,1
2284,57,1293.5,4.3,0,556.6677780643366,2,28551.6,7,1
2285,28,5971.83,3.5,1,486.36106492676686,1,26460.15,36,1
2286,20,623.56,1.2,1,756.9719587420859,0,4982.53,11,0
2287,23,3833.09,2.4,3,604.8017817158077,1,46387.76,40,0
2288,26,2565.86,0.5,4,708.7318378658628,0,29816.64,45,0
2289,23,4436.96,1.8,2,704.4711241764601,0,13567.59,34,0
2290,26,2355.61,6.4,3,503.2059785727017,0,34527.2,12,1
2291,56,3769.21,1.6,0,721.6127247671601,2,16236.45,14,0
2292,48,1645.47,5.5,0,650.3414243549323,0,25539.87,37,0
2293,49,2865.9,2.7,1,495.90981355271106,0,17386.02,41,0
2294,58,4408.4,0.6,2,644.8850831341505,0,44079.5,20,0
2295,67,3363.37,2.6,2,497.70321151319325,0,49702.04,25,0
2296,29,4040.99,2.1,2,760.645836797864,0,8478.51,14,0
2297,25,1418.94,1.5,2,681.3786744922096,0,1667.16,33,0
2298,25,1858.38,0.4,0,592.8851437808964,1,11356.46,13,1
2299,67,1884.33,1.6,2,726.4803618217184,1,29702.62,36,0
2300,45,2389.43,0.2,1,441.8012355296462,0,9110.58,29,1
2301,37,8838.45,0.3,0,525.0658699879958,3,40668.48,23,0
2302,64,2245.44,1.6,1,574.7580278259628,0,20729.19,12,0
2303,24,1194.11,1.1,1,823.5684681425518,1,30721.37,15,0
2304,28,4597.72,7.8,0,492.95170991265945,1,23053.08,47,1
2305,37,8754.43,1.4,2,429.2694058259326,0,45214.73,49,1
2306,33,1086.84,4.3,2,455.56144855017294,0,2239.2,27,0
2307,21,14447.09,2.3,2,690.6215869205602,0,36600.44,15,0
2308,23,4155.31,3.7,2,540.5807729461143,1,32782.52,43,1
2309,39,6816.58,0.9,0,584.0913335631386,0,32650.99,8,0
2310,43,9639.82,8.5,3,676.2832641674485,1,20992.47,37,1
2311,20,6490.5,2.3,0,584.1915372042089,1,1275.92,30,0
2312,58,2728.68,5.3,2,620.4146604508055,0,34617.42,22,0
2313,59,7896.37,1.4,0,653.5215147609695,1,41558.83,22,1
2314,31,3654.37,0.3,4,556.9323608039784,2,4718.9,43,1
2315,28,7132.29,3.4,0,583.3682940070316,0,22360.07,6,0
2316,35,7784.58,0.0,5,624.1955402321012,0,8548.45,22,0
2317,71,1245.49,1.9,4,686.817927305322,2,30741.42,7,0
2318,29,5627.61,0.6,0,520.763073581935,0,39387.44,24,1
2319,40,2577.27,3.0,0,300.0,0,33501.97,26,0
2320,29,3329.42,11.7,2,667.9583149385646,1,16243.97,46,0
2321,30,3299.99,1.9,3,692.7715918750084,2,7416.77,19,0
2322,42,3195.75,5.1,1,620.0034162130172,0,39816.27,7,0
2323,62,10085.16,2.1,1,626.8293218956536,1,16533.88,59,0
2324,68,999.09,2.1,2,543.5690105859829,0,1595.92,28,0
2325,36,751.54,8.0,4,650.0183421534924,0,28785.35,38,0
2326,72,634.84,6.6,1,685.3166819684188,0,12710.53,10,0
2327,63,7011.56,4.6,1,605.6496341418484,0,42139.7,11,0
2328,53,1605.6,1.1,0,849.1248330007265,3,7591.13,19,0
2329,62,3313.46,2.4,1,443.62589123286205,0,22022.64,58,0
2330,25,2719.56,0.8,0,616.2961670856347,0,13029.95,10,0
2331,46,1466.89,1.8,1,482.56470376826854,0,34635.28,7,1
2332,72,5891.0,2.0,2,687.984592395689,0,27652.28,12,0
2333,70,2691.97,5.3,3,441.8524571957819,0,39653.89,52,0
2334,72,2464.67,6.8,1,466.60784572823013,0,23201.32,57,1
2335,49,3591.4,1.6,4,536.6813059450795,0,738.02,16,0
2336,68,5306.13,0.1,3,626.5832169855399,0,11152.23,29,0
2337,61,1384.12,5.9,2,540.4528611338383,0,49958.28,29,1
2338,35,5992.92,0.6,1,541.4558737400907,0,20564.58,7,0
2339,23,9507.94,2.9,3,581.9109545073915,1,31201.64,17,1
2340,35,952.51,0.1,3,575.7759840938494,0,45294.11,30,1
2341,36,3724.32,1.5,2,748.7449388318524,0,1515.95,7,0
2342,39,2335.69,12.8,1,668.5911119668968,0,33150.57,24,0
2343,54,5215.47,0.3,2,567.5423260215356,1,14774.66,14,0
2344,49,1126.28,1.7,2,809.7011911213614,1,14322.79,44,0
2345,73,10972.53,1.1,4,649.1661174856009,1,11630.14,10,0
2346,58,823.6,7.1,1,503.1037944686451,1,41225.1,3,0
2347,20,2451.79,6.1,0,625.6513739991844,1,18960.91,37,0
2348,45,4219.35,0.8,7,653.5512544865314,0,3822.27,18,0
2349,27,1721.46,0.3,1,531.2375280938652,2,5294.13,57,1
2350,68,1518.2,3.0,2,494.74910891939606,1,7856.41,32,0
2351,52,3560.97,1.2,1,608.6459090042442,0,44996.92,45,0
2352,46,3172.29,3.3,7,563.9778228693964,1,21658.45,43,0
2353,71,2995.15,0.1,1,747.9127888455442,0,45844.44,12,0
2354,32,5925.09,0.4,4,674.1155824084915,0,40965.23,36,0
2355,50,2174.21,3.5,0,535.922472591342,1,41975.19,54,1
2356,24,3849.41,0.7,1,642.5938110948589,0,14698.17,13,1
2357,29,1987.67,5.8,3,726.7128142724739,0,13930.06,22,0
2358,66,1511.01,0.2,5,460.619555410035,2,28223.38,45,1
2359,47,2373.67,0.7,3,497.7221759012248,1,21187.29,9,1
2360,38,2000.17,19.6,1,598.8831382720468,0,25698.5,23,0
2361,48,2081.73,1.7,1,603.5601967905034,0,3133.61,13,0
2362,41,7572.37,3.6,3,594.780249453714,0,48593.71,39,0
2363,37,2432.6,0.6,1,568.9222821212322,0,3379.36,25,0
2364,54,1754.04,2.8,3,567.393967754798,1,9352.15,46,0
2365,21,3048.68,3.9,2,638.4258136821629,0,34070.93,33,0
2366,45,3240.17,1.1,0,713.3942553639173,0,8197.33,20,0
2367,61,1153.43,5.3,0,551.9047270311573,0,5790.06,26,0
2368,37,2347.9,2.8,2,843.8399345170653,0,8104.21,24,0
2369,41,2273.45,1.5,3,796.0691435740316,1,3565.05,39,0
2370,67,2597.45,2.4,1,732.9255629580082,0,12940.28,49,0
2371,66,5326.36,2.6,2,662.2483334561562,1,13920.4,46,0
2372,68,3325.37,0.5,1,800.7988106470156,1,25181.79,3,0
2373,49,7961.32,1.5,1,570.9884635000592,1,22216.76,52,1
2374,58,2953.28,1.3,1,516.7395588009765,1,23948.81,8,0
2375,53,12343.31,1.5,3,547.4027940596015,0,30993.96,40,0
2376,70,2061.89,4.3,1,499.7057196909918,1,11932.59,31,0
2377,51,1610.58,2.0,4,612.180132231337,0,7167.85,45,0
2378,53,4618.58,8.5,3,629.9830464127743,0,44004.47,59,0
2379,19,8877.41,1.0,4,620.0839838681106,0,31880.1,13,1
2380,32,989.26,1.6,2,598.75686478182,1,3502.83,18,0
2381,51,2546.33,4.6,1,613.3154528171616,0,48072.06,8,0
2382,53,1828.73,2.4,1,773.632380884989,0,34806.89,3,0
2383,23,3341.85,2.4,2,662.0051867639083,1,8009.38,57,0
2384,56,3004.94,0.2,2,692.2508796604822,1,48472.15,50,0
2385,59,8745.59,1.5,2,619.0789936686788,1,18587.66,37,1
2386,68,2733.33,0.9,4,438.44113015319226,0,49233.25,26,0
2387,68,8953.75,21.9,1,418.6117529530489,0,5612.14,40,0
2388,71,2316.75,1.1,2,808.2809990208515,0,8418.48,5,0
2389,29,6255.31,6.5,1,546.8177724768778,0,33042.27,53,1
2390,20,3579.33,3.4,1,538.3248655848067,1,1596.1,42,0
2391,62,11895.42,1.3,3,624.5663241377249,0,1425.14,56,0
2392,35,914.51,2.4,1,655.0402978329928,1,39703.15,4,0
2393,57,1174.87,5.5,4,667.6862137334413,0,8805.13,53,0
2394,38,12904.07,6.4,2,777.4418532880004,0,45980.1,17,0
2395,32,1658.03,0.5,0,750.0736382657941,1,21581.86,24,0
2396,50,1744.38,1.2,5,518.9066775361179,0,43745.79,48,0
2397,52,1479.44,1.2,3,696.8734573421789,0,21179.3,48,0
2398,43,7470.8,0.1,2,561.5909081789201,0,26746.39,57,0
2399,25,1093.6,2.7,0,586.2491255569223,0,16167.45,6,0
2400,53,3034.98,5.8,0,490.60107940486375,1,33074.78,26,0
2401,65,2410.29,1.4,4,430.69271461685906,1,16250.96,21,0
2402,47,6830.91,4.0,1,596.8438287367711,2,11546.92,32,0
2403,40,1898.95,3.0,1,504.40180838887545,0,4511.84,24,0
2404,59,4155.62,1.4,1,692.7813678572036,1,3354.63,41,0
2405,61,1167.98,0.5,4,571.8921756479879,0,15645.73,50,0
2406,31,18382.47,3.7,1,630.8590218949873,1,36955.43,42,0
2407,31,2461.01,5.8,6,736.7525753915431,0,10678.19,29,0
2408,19,3001.93,3.5,3,451.47048182178924,1,15311.76,17,1
2409,72,11201.51,0.1,0,527.5382611450312,0,45305.99,54,0
2410,54,1864.34,0.7,1,618.088362456585,0,32138.3,39,0
2411,22,11315.24,0.2,3,631.252481582326,0,46026.26,56,1
2412,55,2144.85,2.5,2,710.3497501272326,2,45605.69,3,1
2413,62,5101.85,4.2,2,686.7153129040598,1,3638.83,14,0
2414,58,1885.32,0.4,2,609.693362573074,1,47772.96,11,0
2415,71,1007.44,5.5,1,630.3404670597255,0,3033.31,21,1
2416,64,4153.37,2.4,1,633.1075890990489,0,46318.14,20,0
2417,31,4973.72,3.5,2,453.02876353262445,0,27563.31,41,1
2418,73,1040.33,10.7,1,584.3624522645039,0,26892.88,13,0
2419,56,2331.7,0.3,2,624.8473217997092,0,35806.57,13,0
2420,42,7790.09,6.9,2,645.8550858785106,3,44020.96,32,0
2421,37,4817.91,0.4,2,507.56365599358406,0,31041.73,22,1
2422,19,2172.92,1.5,2,473.1202087471109,0,21557.29,54,0
2423,56,1848.22,5.7,3,576.546740748192,0,6038.52,17,0
2424,23,14165.94,7.1,1,796.7366111091494,0,39565.86,59,0
2425,34,936.79,2.1,6,518.0752487271332,0,6850.53,57,0
2426,42,2843.07,2.7,2,717.392824735481,0,36455.11,27,1
2427,74,923.57,3.7,1,758.473964304512,1,26632.28,51,0
2428,45,8534.33,5.4,0,604.5466526233193,0,19598.88,5,0
2429,19,2964.02,0.4,2,532.0152065346549,1,30842.83,45,1
2430,52,3437.64,5.0,1,651.2819563658226,0,38731.63,28,0
2431,54,27312.88,2.0,1,619.4990292099496,0,47086.41,47,0
2432,22,1854.22,1.8,1,514.0896019809692,1,13602.5,30,0
2433,18,12074.62,1.7,1,534.1197173628224,0,47382.94,8,0
2434,57,2180.73,2.1,2,645.3579852145331,0,48066.93,48,0
2435,29,2473.01,8.7,0,693.3440408168548,0,40774.71,34,0
2436,73,24600.95,2.4,1,567.7209798684612,0,44131.14,13,0
2437,53,2620.52,9.2,3,593.0866435111947,1,34775.16,15,0
2438,62,992.77,0.6,1,666.863857051108,1,2435.31,19,0
2439,40,3735.12,3.9,2,582.7513115826065,0,28966.39,48,0
2440,64,2596.22,5.0,1,570.0673026704116,1,37486.63,55,1
2441,48,3998.51,3.4,0,524.4659180272774,0,47114.31,48,0
2442,28,2678.79,2.8,3,522.7315376625969,0,28737.37,38,0
2443,27,17543.45,2.5,1,850.0,1,39812.93,32,1
2444,20,4653.56,5.9,7,580.3798339920918,0,35399.42,6,0
2445,71,1261.46,5.2,3,736.5058321512224,0,14399.74,16,1
2446,31,3293.27,0.4,0,768.3993337519071,1,8159.04,48,0
2447,33,1572.3,5.7,3,581.641771050684,0,37669.81,30,0
2448,27,2445.07,1.6,3,636.8429808434769,1,12071.53,9,0
2449,46,1438.92,0.9,3,610.2478482033032,0,12612.23,18,0
2450,27,16085.84,6.1,0,438.7817649341323,1,32375.34,16,1
2451,29,1714.53,1.7,0,444.8026987751838,1,39558.89,39,1
2452,47,5167.02,5.0,1,604.8848466904273,0,29325.44,41,1
2453,58,2301.27,0.9,2,557.5086461391404,0,44306.67,51,0
2454,18,1180.0,0.0,1,789.158033839359,0,10966.44,29,1
2455,22,3491.61,2.1,7,576.3427061305381,0,12994.51,32,1
2456,37,4107.43,0.3,1,795.0928997068124,1,32029.3,17,0
2457,25,4660.61,4.2,0,552.3608603864456,1,41553.73,59,0
2458,60,365.85,1.0,2,791.2200420608933,1,27197.91,58,0
2459,29,1110.01,1.8,3,650.6424496947346,0,1013.89,41,0
2460,18,6412.75,0.3,3,656.3291895771197,0,34008.68,44,1
2461,74,1423.84,1.0,2,548.8236043266351,0,40772.33,20,0
2462,71,3506.44,4.6,2,657.6917180403689,0,14188.91,13,1
2463,37,1089.62,0.5,1,769.2713433081251,0,3182.81,24,0
2464,45,5352.3,3.1,1,585.5172505939862,3,26138.62,48,0
2465,74,6279.31,7.5,2,566.0603184633383,1,2586.68,6,0
2466,60,5353.62,3.4,1,575.3237461139912,0,21092.83,5,0
2467,54,6809.31,5.0,1,762.0111605006437,0,1381.98,26,0
2468,64,10416.23,0.3,3,685.5351207001087,0,11635.85,16,0
2469,54,1165.31,0.9,2,744.7679990471119,0,19746.71,54,1
2470,29,1586.15,6.7,2,631.3622710484269,0,6029.44,5,0
2471,54,6112.16,3.8,1,603.9319356777831,0,6150.72,33,0
2472,66,7362.65,3.1,2,642.3944039070632,2,41439.56,55,0
2473,66,1738.06,3.3,3,707.015853441254,0,2550.48,59,0
2474,73,1644.01,1.6,1,575.2881757412135,1,34603.83,37,1
2475,61,1769.11,0.1,3,736.8676993356787,2,40816.86,33,1
2476,73,825.45,4.6,3,636.5830557065876,0,6970.76,59,0
2477,45,1078.01,3.4,2,359.37218619698217,2,10170.85,54,0
2478,64,1099.01,1.9,3,688.3493427105194,0,32253.92,14,0
2479,32,2356.0,6.9,6,472.76949867380176,1,16124.51,12,0
2480,23,3702.15,1.2,3,685.9172760673987,2,24082.94,22,0
2481,61,4216.57,1.0,1,690.1517998238166,0,41882.13,20,0
2482,37,1984.56,6.2,2,632.9892597381208,1,7330.17,46,0
2483,67,2023.96,4.8,2,654.3680898876694,0,31172.8,58,0
2484,31,3290.94,2.2,2,709.8870787843987,0,47148.69,38,0
2485,19,900.71,0.4,3,550.4372326189273,0,3344.6,53,0
2486,26,6422.43,0.7,2,679.3429659702479,2,3470.33,21,0
2487,54,8335.75,3.2,5,716.3023302957037,0,27959.75,19,0
2488,37,1807.2,1.5,2,776.0082597538478,0,48023.75,42,0
2489,43,2167.33,5.4,0,489.4219713940297,0,11413.45,13,1
2490,46,8059.85,9.0,0,640.8516064987768,1,16874.2,7,0
2491,18,2701.49,4.9,1,503.8510800938535,1,5383.07,39,0
2492,72,4772.36,1.4,3,499.60779822985023,0,18431.24,47,1
2493,52,2768.76,4.7,1,635.902777240598,0,2694.46,38,0
2494,23,10353.15,1.3,1,607.7455814796139,0,19760.15,47,1
2495,54,4411.91,0.5,2,714.5001478521984,0,27996.64,50,1
2496,70,4619.88,0.1,1,565.3823550405791,0,48762.74,46,1
2497,22,4689.33,1.5,2,586.5948563802989,0,41010.2,16,0
2498,50,1912.01,7.0,3,621.1504262338185,1,41192.24,55,0
2499,66,2057.83,0.8,5,513.8171148563544,1,11793.14,30,0
2500,68,5515.94,0.7,3,527.6930154984069,0,4818.12,55,1
2501,31,3298.19,10.5,1,711.6098665772553,0,30352.2,11,0
2502,29,1162.02,0.1,3,545.1044958718891,0,26296.34,40,0
2503,59,13339.48,4.6,0,718.2476566449685,0,26066.94,31,0
2504,37,6518.88,1.2,5,660.7312580668295,0,5895.9,27,0
2505,70,3072.05,0.1,3,445.24689745110646,0,24947.3,10,0
2506,67,2395.15,7.5,1,653.0378691837789,1,7942.61,50,0
2507,41,3494.48,0.5,3,652.2479823094127,2,21394.67,21,0
2508,60,4509.84,2.4,0,642.2928608511286,3,3577.05,4,1
2509,51,586.16,1.0,4,585.812327361699,0,42916.18,8,0
2510,42,16153.3,0.2,2,505.9932544608148,2,1152.41,32,0
2511,67,1584.61,0.2,0,734.621276611262,1,46996.5,4,0
2512,46,2976.42,0.4,0,589.8420411277165,0,43213.15,53,1
2513,74,3065.28,0.2,1,511.6593839664632,1,37754.1,21,1
2514,56,14727.62,4.3,1,645.7468686088008,1,49136.25,15,0
2515,48,2778.04,2.0,1,525.7220029266742,0,3164.09,51,0
2516,73,10623.31,1.3,0,505.09139717148787,0,32259.06,55,1
2517,64,4127.31,1.6,2,562.4527387797561,1,42540.45,10,0
2518,60,1380.9,7.9,3,533.4602235681925,0,6767.55,11,0
2519,67,3320.15,7.2,2,508.7757748015425,1,29446.36,25,0
2520,40,2711.33,3.8,1,680.641176226176,1,19999.13,39,0
2521,61,1252.31,6.5,3,588.61721855376,0,22073.44,10,0
2522,55,3968.64,1.2,1,725.2279945515892,1,45669.94,11,0
2523,37,3034.14,1.4,5,514.5490522270064,0,27163.25,18,0
2524,40,4652.39,2.9,2,427.24389623636637,0,5116.47,18,0
2525,62,3479.63,2.9,2,614.8770349249417,0,46892.2,14,0
2526,69,1770.68,2.0,4,785.5978921806416,0,9667.95,27,0
2527,33,5511.91,1.5,1,653.0986829362002,0,44685.52,59,0
2528,67,1808.91,12.8,0,850.0,0,48560.58,13,1
2529,59,249.7,5.2,3,633.2059120949089,1,43952.95,20,0
2530,72,3304.11,1.7,1,623.5552211288091,0,34018.12,15,0
2531,25,1913.6,3.9,1,384.46373289420825,0,37305.82,37,0
2532,67,4046.89,0.9,4,642.7947440588529,0,35143.43,20,1
2533,38,14751.46,0.3,2,616.8667760019291,2,23295.96,45,1
2534,18,15096.1,1.3,1,559.2578801795463,2,14083.78,32,1
2535,72,2612.08,1.5,3,586.322113294093,0,14607.64,45,0
2536,25,1538.85,0.1,1,593.1899425657821,0,36692.81,39,1
2537,46,4758.78,5.1,3,582.0070847067936,0,31488.8,32,0
2538,49,2216.8,1.3,4,808.9714963125962,1,29451.76,5,0
2539,55,4078.24,2.6,4,562.9137972194991,1,32804.14,31,0
2540,22,1756.91,0.2,1,616.9313723853858,0,38851.92,27,0
2541,64,3642.97,0.6,4,559.6098916613794,0,37542.88,4,0
2542,39,1556.85,6.6,0,678.343118664388,1,5717.12,49,0
2543,64,7687.9,2.8,0,617.6763699972207,2,18470.23,7,0
2544,51,1859.42,9.0,0,572.0089426829519,0,13566.37,33,1
2545,18,5058.79,20.1,1,407.4032054092817,1,27142.81,7,1
2546,72,1083.75,1.4,4,624.330822528875,0,3540.1,23,1
2547,72,5568.82,1.1,1,569.0423726420249,0,38241.97,50,0
2548,43,1375.94,5.9,2,593.9259343112899,0,5773.1,51,0
2549,60,3673.65,19.7,1,481.7542052754667,0,13934.4,28,0
2550,27,6758.53,3.0,5,743.3282172720196,1,39245.7,9,0
2551,47,2540.24,4.8,1,685.6743175843872,0,3052.22,32,0
2552,67,1308.54,4.6,1,743.0705997640632,0,33179.95,36,0
2553,35,4435.74,1.3,2,714.6979300780954,1,46261.67,30,1
2554,34,1521.14,2.6,2,659.2317302127461,0,31073.07,16,0
2555,43,2157.28,5.4,2,485.77174912735575,1,35776.55,20,1
2556,25,3686.27,3.5,2,784.3387164071859,0,39717.21,59,1
2557,64,8853.26,0.1,1,507.23648491124897,1,11501.19,46,0
2558,57,3044.96,1.2,2,573.1592375925038,0,29257.71,19,0
2559,66,3035.97,0.5,4,670.6902280626921,0,15798.31,27,0
2560,29,5377.67,0.8,4,675.6540787187405,0,12850.02,8,0
2561,44,3103.54,7.1,4,657.2236726944558,0,10026.59,7,0
2562,25,4956.35,0.1,4,559.9711518670911,1,29478.82,55,0
2563,42,7064.42,0.7,1,539.3068372644525,1,39829.33,23,1
2564,63,2293.44,1.1,6,850.0,0,43856.51,56,0
2565,21,217.02,2.9,4,596.0686061500166,0,21715.0,41,0
2566,50,1549.45,2.3,2,583.8228615361164,0,18958.5,59,0
2567,18,7839.62,0.7,1,528.6443509061246,0,34521.69,52,0
2568,36,2901.51,0.5,1,624.4670349070958,0,39127.78,22,1
2569,48,2272.64,0.8,2,619.802280057807,0,13039.31,13,0
2570,33,7581.21,2.1,4,598.3773791295705,0,15215.9,7,0
2571,31,2748.86,0.9,2,638.1726646787886,0,26902.97,40,0
2572,70,558.9,8.8,1,776.3537502442354,0,22497.09,41,0
2573,65,894.05,1.9,4,540.4947293709101,1,35436.49,37,0
2574,22,4166.86,0.2,1,604.308374220212,0,25472.01,37,0
2575,58,2825.63,3.9,3,535.2151547449445,0,6024.16,59,1
2576,43,9544.55,1.2,6,629.4698360825628,0,8714.68,27,0
2577,45,1658.03,3.2,0,543.1530498625581,1,45144.49,32,0
2578,19,2327.15,1.0,3,547.4557008565811,0,11756.22,4,0
2579,67,1469.09,2.5,3,454.0476625944374,0,2979.26,22,0
2580,23,1965.54,4.4,2,609.7794782819675,0,36707.0,38,0
2581,26,656.21,7.9,0,642.9769621904977,0,34358.55,39,1
2582,50,2189.55,0.9,4,786.0476353192296,0,30203.76,4,0
2583,58,2859.79,1.2,6,646.9502481189845,0,25361.68,50,0
2584,42,2672.94,1.9,3,555.0315876702681,0,48494.23,46,0
2585,65,16641.3,7.9,3,464.032091231391,1,6431.7,49,0
2586,30,12923.31,6.9,1,477.8712994334522,0,25753.06,29,0
2587,26,1634.81,0.3,1,470.4371660528028,1,28420.22,34,0
2588,70,581.06,0.4,2,787.8042035449381,1,1613.4,6,0
2589,30,2753.53,2.1,2,628.781049692637,0,20893.63,29,0
2590,48,4028.74,0.3,2,541.7033780738108,0,39248.71,32,0
2591,58,1497.59,1.3,2,504.01403948467356,2,23819.39,5,0
2592,28,1558.1,0.5,2,514.3892159606079,0,43826.28,48,1
2593,21,10572.84,3.0,4,539.0700605493621,1,32417.55,47,1
2594,51,2425.9,9.0,2,731.6255216255153,1,38421.23,29,0
2595,55,5063.43,17.2,0,597.005655294225,1,40321.77,40,0
2596,63,1416.23,1.4,2,455.25335827260506,0,34630.26,38,0
2597,21,2848.21,2.7,2,831.0459274730372,0,37594.34,3,0
2598,55,2277.72,5.8,3,485.9838860634103,0,34917.87,37,0
2599,36,1736.63,0.4,2,540.9164690076133,0,27747.96,58,0
2600,23,7511.87,3.5,3,731.0144387633882,1,28543.38,14,0
2601,51,981.32,1.6,2,641.5149632609067,0,9899.3,37,0
2602,35,3789.71,0.7,4,553.0077000375791,0,41458.24,57,0
2603,30,2243.75,1.5,1,476.8633073906165,1,15950.8,20,0
2604,58,4154.14,0.2,1,503.3309891074973,3,27018.98,48,0
2605,40,2268.19,3.6,1,509.3503880923534,1,12852.51,39,0
2606,36,5965.54,0.9,1,600.703179784955,0,34945.32,25,0
2607,62,1405.63,1.1,2,619.1061817281303,0,48770.86,35,0
2608,28,7525.42,0.4,3,585.1345371368658,0,40196.04,16,0
2609,18,2913.06,6.0,7,596.078618607567,0,31145.23,46,0
2610,41,1029.88,2.0,3,494.9276804805679,0,28591.57,3,1
2611,71,5136.73,2.5,2,629.3136106223889,0,24743.68,29,0
2612,24,2542.54,2.5,2,728.0518636836996,0,10646.09,26,0
2613,42,760.31,1.6,2,583.7208318250431,2,17726.5,4,0
2614,38,3889.26,0.6,1,581.7713293570527,0,20616.51,14,1
2615,32,6669.34,4.1,1,608.3001052052848,0,47256.17,15,1
2616,18,8314.1,0.4,3,711.8204859759392,0,21566.35,29,1
2617,29,2202.43,0.3,3,510.5277000561359,0,29516.42,22,1
2618,24,3348.46,3.7,3,745.0847335732135,1,46160.01,49,1
2619,32,3103.94,0.7,2,642.1222239435237,1,26162.11,50,0
2620,38,9816.72,1.1,4,602.8680695698868,0,12946.76,53,0
2621,36,1558.7,1.9,2,721.323883666432,1,19359.8,39,0
2622,46,2055.5,1.8,2,481.7937926123544,0,19089.19,36,1
2623,42,1528.78,3.7,2,652.2045536244708,1,35878.52,8,0
2624,50,935.12,2.9,1,643.0309564506617,0,15157.98,10,0
2625,66,3634.51,3.1,2,506.4544935606207,0,36649.28,23,1
2626,49,10732.57,3.8,0,646.0638122953821,1,44517.51,41,0
2627,66,2543.29,1.0,3,628.3305179380486,1,17135.61,23,0
2628,52,1472.16,1.2,3,582.1261880310066,1,7199.38,47,0
2629,61,3461.61,1.7,3,686.2817555230333,0,32108.44,8,0
2630,55,4775.69,1.1,3,542.8245747642335,0,18362.3,43,0
2631,43,2630.45,12.6,1,627.0321245843369,1,26932.32,46,1
2632,28,9162.08,5.0,1,586.8326217544682,1,31891.2,32,0
2633,52,1556.37,0.5,2,538.5303176992333,0,20683.28,12,0
2634,25,2369.48,0.0,2,650.2884685118771,0,46272.38,13,0
2635,63,3777.4,0.1,0,579.2264252650848,0,20280.93,3,0
2636,31,4082.12,0.8,0,452.69935412904533,1,15715.03,12,1
2637,27,3095.74,0.4,0,419.89338952820157,1,44340.92,27,0
2638,19,1071.98,2.3,2,678.9057468083201,0,7246.94,18,0
2639,63,19349.25,5.9,1,477.93998927731695,4,6648.34,21,0
2640,26,2468.15,4.0,3,627.9384493400606,3,46817.06,12,0
2641,20,3255.87,0.7,1,605.495189362815,1,10843.94,49,1
2642,38,4882.48,1.5,2,563.14682230291,0,7847.65,16,0
2643,43,1791.48,2.1,3,795.666845721534,0,26990.83,5,0
2644,25,3119.85,5.0,1,617.9674018460446,1,2816.03,6,1
2645,65,1734.11,5.5,4,675.5633482682065,1,31190.74,42,0
2646,19,4156.55,7.2,1,628.4816215339808,0,22920.07,35,0
2647,23,2390.32,2.1,2,576.8460576882519,0,32200.39,22,0
2648,45,3695.88,3.6,1,598.0911249764058,0,14554.88,17,0
2649,70,1290.48,0.4,4,745.8542765660484,1,45320.87,9,0
2650,46,1535.89,2.5,4,708.810529260043,0,13893.75,46,0
2651,43,1000.13,0.9,0,795.19864316886,0,32059.45,5,0
2652,42,1688.47,1.7,3,622.1642092972884,0,47282.05,57,1
2653,29,380.38,3.0,1,512.3062934299252,1,20340.06,29,1
2654,22,2331.62,0.9,2,555.9483055640188,0,8490.61,39,0
2655,51,1944.2,0.2,0,481.22218082014086,0,3884.93,31,0
2656,65,3363.47,0.0,2,676.7044128875277,1,48169.39,28,0
2657,54,3089.26,0.1,3,541.4083683922752,0,38303.22,29,1
2658,32,8149.11,0.0,0,300.0,2,45988.13,27,0
2659,61,23752.62,0.4,4,846.377569832993,0,35092.24,42,0
2660,53,7405.89,0.8,0,542.9398861511685,0,17451.2,45,0
2661,32,2074.58,0.8,6,542.3409074514191,1,6589.32,53,1
2662,60,2008.79,13.0,4,767.1611692660367,0,46500.69,32,0
2663,65,5972.56,1.1,7,479.17485492024844,0,24736.14,46,0
2664,40,775.36,0.4,0,713.6605886533167,2,20127.2,22,0
2665,23,2316.56,2.4,2,541.2557556575979,0,29100.71,9,0
2666,63,2463.84,5.9,0,467.6204555403141,0,5774.69,31,1
2667,67,4756.68,3.4,1,770.5717761378137,0,15805.59,48,0
2668,61,4871.19,1.1,2,692.3096947062527,0,32074.87,36,0
2669,60,1643.12,2.5,2,692.0000984515043,1,5456.09,28,0
2670,62,2139.87,3.8,2,636.7655546788775,0,7194.52,29,0
2671,38,4255.99,3.9,1,659.910163307768,1,25774.1,56,0
2672,40,1573.19,3.3,4,476.7841975251957,1,31361.13,59,1
2673,60,7823.56,6.1,2,611.161085724466,2,9756.58,46,0
2674,72,4852.94,6.1,3,507.1236999549155,0,2137.69,11,0
2675,33,3419.36,2.6,2,461.10594809369456,0,47939.16,24,0
2676,64,4075.52,1.7,3,641.0953330708031,1,1860.89,14,0
2677,70,2051.83,3.1,1,715.8149555659545,1,601.58,8,1
2678,32,1806.18,5.1,2,561.6631175771936,0,16505.36,8,0
2679,42,2122.23,0.0,5,578.7987107665458,0,11511.43,29,0
2680,53,4446.95,14.5,3,486.184935491696,0,28892.52,56,0
2681,28,3501.03,0.6,2,600.7217146087897,2,44763.34,21,1
2682,68,2125.64,1.9,0,676.0076112388414,1,24314.83,54,0
2683,32,5429.84,6.2,1,679.1527736727774,2,38778.41,8,0
2684,21,2593.71,0.8,2,654.5176175630933,0,45506.74,51,0
2685,38,1711.89,1.9,4,538.1568832805465,2,9875.28,19,1
2686,30,3653.62,0.4,1,534.9870956572848,2,24671.39,31,1
2687,39,1325.54,1.5,5,679.5404473240933,1,32282.46,25,1
2688,36,772.96,0.6,3,681.1998932216732,0,16928.22,19,0
2689,51,2968.81,1.4,2,582.8005014568107,1,37117.73,23,1
2690,31,1761.76,1.4,5,557.3828092434314,0,35413.09,12,0
2691,21,2432.5,15.0,3,716.72470934457,1,21344.17,45,0
2692,65,1375.56,15.8,1,564.0051335186753,2,4853.71,10,0
2693,70,7841.19,0.4,2,674.5932224523781,0,1072.65,56,0
2694,69,1756.02,3.9,3,586.3156825141901,1,18782.8,16,0
2695,63,2109.91,0.2,0,495.24672189629996,0,4562.41,33,0
2696,44,4033.16,0.1,2,761.2312140023703,1,39190.41,53,1
2697,46,990.99,0.3,3,612.0063895731477,0,17049.13,20,0
2698,64,934.08,10.1,2,528.9256020111917,1,33471.86,49,1
2699,45,4043.08,8.5,0,460.9194332224796,0,17645.76,32,0
2700,52,2088.17,0.6,1,470.99992017631666,1,39898.95,20,0
2701,25,1449.25,0.5,1,562.7088595905399,0,44476.42,54,0
2702,33,4830.47,0.8,2,792.5128883533592,2,41956.95,59,0
2703,59,1556.92,2.2,2,541.5338121325757,1,24481.44,27,0
2704,53,2393.21,2.5,3,744.7454832346205,0,4655.6,51,0
2705,47,1455.49,0.8,4,586.9236331396916,0,18899.7,39,1
2706,35,3799.97,4.2,2,481.88496088983175,0,21510.57,27,1
2707,19,8653.0,1.1,0,552.6788811549604,0,48032.57,32,0
2708,66,672.61,7.7,0,471.90120762625565,1,28492.12,32,1
2709,30,3262.1,3.2,3,514.4031548036146,0,32221.89,38,0
2710,21,5915.14,1.7,2,511.4251938124082,1,39209.18,13,0
2711,43,2127.74,4.7,1,409.6196132518734,1,28626.02,50,1
2712,42,1206.12,5.1,5,751.2796068814725,0,30124.99,41,0
2713,47,4174.59,1.0,1,621.1017030222282,1,12643.73,29,1
2714,28,6643.03,1.2,3,531.3721594381898,0,3413.9,18,0
2715,24,6077.92,8.2,4,622.175774643339,0,36208.6,40,0
2716,48,3994.71,0.5,4,516.4519606357939,0,42509.89,34,0
2717,61,3223.85,0.1,6,332.8938034630244,1,20894.01,31,0
2718,27,1452.13,1.8,1,850.0,0,27671.27,54,0
2719,56,5956.25,4.8,4,618.959987667706,0,15710.62,12,0
2720,30,5698.54,4.4,4,541.0986960685235,0,22785.92,32,0
2721,48,1199.37,7.6,1,406.60851883225666,2,10840.04,13,1
2722,24,3990.15,2.3,1,450.585020485744,0,38114.4,17,0
2723,73,5025.39,0.3,3,765.4491929554905,0,24849.63,46,0
2724,66,6037.17,2.7,7,750.1938548798466,0,27584.25,25,0
2725,59,2807.38,4.5,7,675.3215035998948,0,2335.86,50,0
2726,59,1501.09,0.3,1,488.4922961590186,0,31308.72,25,0
2727,73,1994.82,0.6,2,750.9973987977011,1,10531.46,52,0
2728,53,1331.68,0.0,3,644.9782617944353,1,19478.03,9,1
2729,37,2861.64,2.7,2,665.4924448351535,1,20929.43,16,0
2730,21,2446.69,6.5,4,644.6170944443246,0,22712.26,11,0
2731,71,16581.27,3.3,3,449.3012815373896,1,11758.1,56,0
2732,24,6098.16,12.1,0,480.18390492531125,2,42580.46,30,0
2733,71,6474.58,0.2,1,548.9781833591638,1,21678.58,8,1
2734,18,4346.31,7.0,1,664.3639707533114,0,30800.66,45,0
2735,61,2221.96,5.0,4,461.95679177568536,0,30889.91,47,0
2736,73,2391.53,1.1,5,582.465358505581,0,30545.74,24,1
2737,62,2573.2,10.9,2,582.339048983695,1,28186.24,20,0
2738,59,3465.41,1.0,2,679.2739689327577,1,41219.97,46,0
2739,64,4069.75,6.6,6,667.4671535607663,1,40724.58,40,0
2740,30,2982.65,6.4,2,498.9774070947867,0,21148.66,24,0
2741,72,2362.61,4.3,3,744.6686169487302,2,31974.38,11,0
2742,39,1853.27,2.5,2,483.676017124971,0,5590.05,20,0
2743,71,978.36,0.4,5,709.223944190075,0,4993.25,59,1
2744,38,8322.38,2.3,0,544.9855101651601,0,24255.86,23,1
2745,39,17403.45,1.3,0,616.3925953433372,0,45060.1,17,0
2746,45,7781.23,4.7,0,622.5987460104305,0,32674.99,11,0
2747,26,1088.71,4.3,1,619.7707440708796,0,33626.21,44,0
2748,43,5594.91,7.2,3,667.449919843457,0,8304.83,4,0
2749,26,6761.64,0.0,1,639.1459497933532,1,22938.57,16,0
2750,32,2158.67,5.0,3,678.3649129870538,0,20339.15,23,0
2751,27,4407.85,8.4,1,646.4619960345135,0,39257.43,45,0
2752,41,2069.28,4.7,3,473.5544741074156,0,7322.29,47,0
2753,74,10128.85,0.4,1,626.9799074557988,0,27189.95,36,0
2754,59,3992.99,0.3,4,543.6130097494666,1,45611.9,55,0
2755,25,1431.21,0.1,1,489.0737522092717,1,44676.76,9,1
2756,41,5094.14,3.0,6,571.01601073227,1,42690.69,17,0
2757,33,6953.67,3.0,6,618.323559903509,1,19061.77,41,0
2758,66,3492.96,13.0,3,624.9675027987785,0,47084.48,14,0
2759,43,4374.53,1.5,1,705.6024745140268,0,40362.38,9,0
2760,44,2819.17,1.2,1,730.7309118971577,0,42631.5,7,0
2761,54,1203.0,2.9,2,633.6280830757356,0,46651.51,49,0
2762,21,2640.21,5.2,2,651.7106377009409,1,46881.56,41,1
2763,67,4529.79,8.3,0,609.5309033175655,1,12383.22,56,0
2764,41,2690.76,4.9,2,676.7225463649585,1,6820.54,25,0
2765,36,5656.79,1.7,1,648.6988138837064,1,34698.31,55,0
2766,53,2178.2,3.0,5,594.5511906142196,0,28379.09,30,0
2767,56,2295.55,5.8,1,815.19825670043,1,16707.61,36,1
2768,27,5795.84,2.0,1,545.3816636558181,1,34380.25,27,1
2769,42,3559.88,0.7,2,745.4456956708337,0,3568.85,4,1
2770,35,2144.42,0.6,0,464.5707073673063,0,2836.81,53,0
2771,36,6816.11,0.0,1,681.3616536451455,2,18038.37,11,1
2772,53,1718.16,3.8,3,743.6568351726837,0,10095.41,36,1
2773,27,1666.43,0.4,0,409.278092899208,0,36068.52,48,1
2774,50,309.96,0.8,4,613.8950573055095,0,47427.08,49,0
2775,72,1913.76,1.1,1,671.5414041244044,3,33250.56,58,0
2776,67,8492.79,2.5,0,625.1963604128066,0,32911.83,34,0
2777,22,568.03,1.5,4,637.8155935606964,0,826.48,14,0
2778,64,1391.95,3.4,3,613.6223162376664,0,25857.71,21,0
2779,66,4235.49,0.2,1,490.5752173638408,0,40946.52,49,0
2780,52,494.78,0.4,3,836.8045592155443,1,32878.96,40,0
2781,61,1981.17,2.1,2,549.64621366842,0,11775.23,59,1
2782,51,7425.61,1.2,3,643.4161238778905,0,42499.52,12,0
2783,50,15281.84,1.1,1,535.3160322914573,2,48236.65,12,1
2784,72,3760.09,0.2,1,372.41368099793016,1,14310.15,37,0
2785,38,1420.59,6.8,2,507.5487126251031,0,10751.17,43,0
2786,34,1382.84,3.5,1,455.2393307724862,0,17257.08,57,0
2787,39,3347.36,0.4,6,709.156753922449,0,3626.34,39,0
2788,65,3732.27,0.2,3,539.3131983955545,0,43734.92,34,0
2789,54,13178.51,11.1,5,548.5908660820037,1,46500.32,58,0
2790,32,6481.09,3.4,1,493.5669287396264,0,31848.5,56,0
2791,52,3188.43,1.6,1,609.4035398715102,0,38334.57,9,1
2792,45,2279.78,3.6,3,528.3541483638719,1,33598.21,53,1
2793,24,33248.65,4.2,0,699.2354731246788,0,19179.03,12,0
2794,49,4921.04,4.5,1,630.2039323089161,0,31786.1,45,1
2795,28,1745.85,1.9,0,542.8174214275552,0,41897.85,40,1
2796,27,2490.66,1.7,2,685.023305183702,0,40590.42,29,0
2797,26,1477.4,0.0,2,600.7940523023238,0,4512.35,34,0
2798,31,435.44,7.8,2,602.1496905689951,0,23398.75,53,0
2799,30,3828.09,2.8,1,453.73650962680745,1,20167.41,9,0
2800,74,12406.35,0.7,1,592.8913867214686,1,37724.43,50,0
2801,42,808.8,7.6,1,632.1544639317998,0,25318.11,28,0
2802,19,3115.7,7.4,1,733.3566822198345,1,17810.2,24,0
2803,52,1693.37,13.6,1,524.8106370096677,1,35464.31,14,1
2804,24,4524.23,6.2,0,827.8108623385511,0,23942.14,26,0
2805,38,2597.06,18.3,2,655.6868316828986,0,13202.89,58,0
2806,35,1004.21,0.8,3,448.05881239661926,0,44575.64,56,1
2807,20,1359.83,5.5,2,515.4801885914444,0,6095.87,52,0
2808,59,1534.19,5.2,6,742.0999164216819,0,1395.34,48,0
2809,71,8738.16,0.8,2,724.3229142962394,0,7623.6,31,0
2810,56,8388.42,0.3,7,601.8093481560503,1,8600.34,34,0
2811,58,2323.71,11.7,0,614.9917703057852,0,27133.09,18,1
2812,66,7960.47,1.1,2,483.53897262740287,0,31430.84,28,0
2813,28,2595.29,6.1,2,732.1442740235342,0,22706.25,8,0
2814,56,2295.42,0.0,4,501.2232913225533,1,10606.48,3,0
2815,41,3120.33,0.1,2,684.4741111123417,1,7043.45,15,0
2816,63,3743.81,1.9,1,735.2042368665138,0,24861.52,40,0
2817,36,1911.5,0.8,1,604.8155554219509,1,28491.41,8,0
2818,21,3033.56,3.5,6,696.7611366122198,0,15546.09,40,0
2819,43,5596.28,2.5,3,784.7639708025695,0,11411.78,14,0
2820,55,3306.45,0.2,0,626.7968799210738,0,4489.34,11,0
2821,59,3084.75,0.5,2,582.4698183568054,0,1799.1,22,1
2822,49,4426.41,1.5,5,593.3147142448483,0,5733.95,41,0
2823,56,5081.52,0.6,1,525.7012097327912,0,37232.93,29,0
2824,62,2835.31,4.7,2,523.4416207263126,2,17528.92,5,0
2825,63,2039.9,1.6,0,644.2406763825703,1,1857.24,26,0
2826,53,3468.1,0.3,3,583.6050177850715,1,25654.18,17,0
2827,57,832.83,2.0,1,632.7569176851266,0,27035.33,36,1
2828,54,2519.32,0.3,2,451.0063850147429,0,21720.09,52,0
2829,50,412.71,0.4,2,590.7381174812859,0,5978.8,34,0
2830,53,780.06,0.8,3,703.0117850090463,0,37870.89,23,0
2831,20,691.63,5.9,3,488.1075723023982,0,34609.54,3,0
2832,26,6890.38,7.8,1,601.6526414134552,0,20039.09,35,0
2833,25,3014.49,5.3,1,414.5390689101589,3,19350.36,13,0
2834,50,1086.11,1.2,1,469.4537977726826,3,8218.79,5,0
2835,23,4415.4,1.0,0,680.766088767805,0,37800.69,24,0
2836,58,6574.3,2.4,5,569.071570668705,0,30178.91,12,0
2837,56,4477.36,3.8,2,782.2072865538543,1,4746.78,46,0
2838,21,2563.25,15.0,2,643.2443110424313,0,19214.14,40,0
2839,30,3590.29,0.4,2,653.0595664889324,0,45226.27,26,0
2840,66,6131.52,0.2,2,492.35179501051005,0,22892.54,9,1
2841,19,2047.97,3.6,1,561.4894623155546,1,16583.91,51,0
2842,22,3053.04,5.4,1,526.7363817952388,0,32367.31,51,1
2843,61,2426.6,5.6,1,493.45582604494143,1,10547.13,38,0
2844,44,819.97,3.4,0,666.3893126096135,1,26428.27,3,1
2845,49,6205.89,9.2,4,686.451586576868,1,33641.38,3,0
2846,38,15457.0,2.1,3,639.8937194167448,0,42816.48,28,0
2847,25,1481.73,7.4,2,517.1932806774013,0,34778.96,19,0
2848,55,6439.1,10.3,5,633.0730035097463,1,19528.28,13,0
2849,25,1519.91,5.6,4,408.7321598534344,0,38506.11,5,0
2850,67,3315.06,1.1,3,732.300926870804,1,44970.8,12,0
2851,20,9960.77,0.7,3,470.1849824362563,0,24149.3,4,0
2852,71,1965.79,2.4,2,487.95410175615365,1,722.79,34,1
2853,61,2946.14,1.8,1,611.5292269570192,0,44105.44,18,0
2854,20,705.42,6.3,4,620.4159560242045,1,8689.38,50,0
2855,39,1752.22,0.3,3,592.7251401548216,0,6753.11,28,0
2856,23,648.71,0.9,2,488.9872059017703,1,15730.09,42,0
2857,19,4202.11,4.2,5,713.3347993603293,1,19309.2,41,0
2858,40,5798.24,0.3,3,431.4050798930749,1,40069.15,12,0
2859,61,2496.62,1.2,1,451.6731009551555,0,19764.58,58,0
2860,19,3747.0,1.5,1,589.3017228045519,1,2916.65,38,0
2861,55,2297.13,2.9,3,473.5766018155612,0,31980.1,32,0
2862,34,5390.73,0.5,0,722.2625276275926,1,33725.44,11,0
2863,52,3306.25,5.9,4,482.17853645870855,0,40803.94,7,0
2864,51,608.79,1.8,1,755.7027152210312,0,20243.87,9,0
2865,40,6323.23,7.5,1,703.5122165771573,1,4760.52,38,0
2866,47,2182.8,1.9,2,723.5055735507584,1,27876.58,3,0
2867,69,1078.9,1.0,3,788.7105982953245,1,6489.37,29,1
2868,25,2098.24,0.5,2,608.1227924095765,0,1345.23,14,0
2869,39,650.89,0.0,2,498.7025404180042,0,39039.88,18,0
2870,61,1096.73,2.3,2,589.6992124231358,0,20468.82,50,0
2871,53,3342.12,0.3,1,543.3334394591037,0,26487.76,10,0
2872,22,3573.75,1.5,1,529.0808727486278,0,33311.04,27,0
2873,30,3809.11,2.7,3,615.0853436806832,1,20350.87,15,0
2874,46,2988.62,1.0,0,568.8295785792253,1,3031.01,43,0
2875,48,1712.5,0.6,2,524.7790315683003,1,13010.81,12,0
2876,64,2853.87,4.5,3,575.4597607412742,1,10119.89,42,0
2877,74,2101.14,8.8,4,654.8978464203705,1,48881.0,35,0
2878,72,811.9,0.3,5,695.6417206592696,0,37105.52,37,1
2879,33,1606.91,0.5,0,439.70760868090105,1,22851.72,39,1
2880,59,6073.15,9.7,2,569.6798913671457,0,3636.69,41,0
2881,47,10621.5,0.1,2,585.8656794525295,0,6234.6,30,0
2882,74,5019.17,11.4,1,481.74799777723683,0,40738.53,18,0
2883,72,10249.23,0.0,0,588.02942669593,0,47299.73,10,0
2884,33,3191.71,6.2,1,614.7995609540028,1,2051.83,35,1
2885,29,12014.88,1.1,3,651.883454528099,1,45564.66,55,0
2886,34,15422.62,8.4,1,607.715802563167,0,19337.9,37,0
2887,33,744.88,1.1,2,511.9050590002445,1,11074.82,57,0
2888,29,3558.86,3.2,0,801.2030027571847,0,5560.5,40,0
2889,25,3194.37,0.3,2,682.9126771621598,0,38701.57,14,1
2890,37,2123.28,0.8,4,655.2719744649867,2,23711.07,17,0
2891,20,4418.4,4.5,1,700.4831257010936,0,41704.98,19,0
2892,33,3080.66,2.3,2,624.4609171810478,0,11694.78,29,0
2893,47,1655.14,7.9,2,728.6300885521955,0,34089.12,52,0
2894,62,2918.18,1.7,1,605.6871950285764,1,6347.02,23,0
2895,40,7814.03,6.1,4,600.1747460274185,0,4942.66,23,0
2896,45,3449.66,1.8,1,663.5228478791204,1,7103.29,19,0
2897,68,4922.46,11.6,1,757.6357546290924,1,40540.61,29,0
2898,57,2388.35,9.6,1,751.2048615289307,1,32953.18,14,1
2899,71,4279.76,1.2,3,659.2847598259996,0,8715.21,50,0
2900,22,1133.0,6.5,3,651.6611858576799,0,19546.22,46,0
2901,37,1998.64,5.6,3,669.6042411096486,1,38302.46,38,1
2902,57,2745.9,0.7,4,698.5620913336597,0,14640.88,30,0
2903,73,1073.77,2.9,2,729.8731939413242,1,46102.55,27,1
2904,61,1534.3,0.2,3,576.3415915996151,1,45772.84,11,1
2905,18,3829.5,5.4,0,731.8061289837392,0,27868.59,49,0
2906,74,3307.23,0.6,2,634.2995114071306,0,31782.73,39,0
2907,47,5682.19,0.2,1,665.093162249995,0,32834.31,25,0
2908,38,1843.81,1.5,1,738.1949321533995,1,13294.19,13,0
2909,37,3121.54,2.6,0,674.7062250090679,0,18583.41,52,0
2910,23,1741.51,5.8,1,691.5995563152841,0,7229.08,3,0
2911,39,5244.33,11.0,2,561.0581466717579,0,46281.13,18,0
2912,35,7727.93,1.7,4,749.831154374968,2,36330.55,52,1
2913,25,4388.14,0.2,5,669.5686711076125,1,2794.64,15,0
2914,56,6967.11,4.1,1,612.6065717840497,1,27694.68,22,0
2915,49,3059.48,2.5,2,710.1074386893102,0,17482.15,18,0
2916,50,5678.69,1.8,2,850.0,2,40856.75,56,1
2917,70,3166.35,1.1,2,483.10754981780656,1,17518.1,18,1
2918,33,1312.98,2.1,0,519.6267377076717,0,32385.43,37,1
2919,29,3631.41,1.2,3,850.0,0,8704.15,52,0
2920,55,1344.48,4.2,2,642.6694842304374,0,28158.4,34,0
2921,69,19366.56,2.4,1,619.0869678631568,2,15047.34,25,0
2922,51,2281.82,6.3,4,588.4614258337834,1,8661.98,58,0
2923,31,4994.19,2.4,0,720.843600097144,0,31153.33,27,0
2924,53,2951.5,0.8,4,850.0,0,32112.74,45,1
2925,50,1111.1,5.7,4,533.4811459266655,0,49176.01,30,1
2926,40,652.74,2.4,1,590.3123272810666,0,33620.75,47,0
2927,67,5427.38,0.7,1,564.9272871432134,1,26027.64,58,1
2928,62,10295.61,2.9,1,673.2864976819278,0,45674.73,4,0
2929,19,1655.99,1.3,4,722.2393437650575,1,41499.9,5,1
2930,58,792.07,5.6,0,762.0932785333117,0,27662.94,33,0
2931,38,2298.17,1.8,2,676.671828262028,0,25811.78,35,0
2932,19,1408.54,3.9,2,850.0,0,47127.47,35,0
2933,44,1771.79,0.3,2,542.5247016792587,1,31047.79,49,0
2934,74,4857.6,1.5,4,516.5459447567296,1,35832.07,56,0
2935,26,2863.01,12.3,4,746.9344293316209,0,4790.61,37,0
2936,18,1535.17,5.0,4,612.2832319596337,0,36056.13,38,0
2937,28,4773.34,0.5,2,462.4059676584719,1,13601.75,28,1
2938,20,5082.19,1.0,4,568.3937028362551,0,6219.13,14,0
2939,69,2276.41,1.2,3,625.5658654097274,1,42558.47,58,1
2940,40,3328.69,3.2,2,535.3751762092645,0,34713.96,55,0
2941,43,4520.61,4.2,4,498.53393129054115,0,20674.43,46,0
2942,21,4191.79,4.2,2,579.2370863474124,2,21855.13,48,0
2943,35,3079.4,2.1,2,493.54665796382886,0,10257.33,13,1
2944,72,9377.5,5.0,1,663.5131038980232,0,972.77,8,0
2945,23,4751.16,1.7,2,405.61951531071537,1,17793.28,27,1
2946,52,2078.61,0.4,0,609.0424927965422,0,7846.51,48,1
2947,39,2088.63,2.5,2,651.9509888108303,1,21375.48,36,1
2948,60,1907.47,9.1,1,590.9458760251624,0,41774.34,37,0
2949,32,4942.85,4.7,1,709.3222897070873,2,6180.34,23,0
2950,39,1811.3,2.6,3,462.94387657958646,0,5041.8,20,1
2951,54,2121.93,3.1,3,529.8910498623885,0,45154.06,10,0
2952,69,6949.45,8.0,2,566.9965353749111,0,37384.41,36,0
2953,59,3474.85,1.7,3,671.2724569409306,2,3126.96,54,0
2954,29,7776.22,1.2,2,621.8507586046121,0,4438.74,50,1
2955,64,5644.56,11.3,2,814.3365982742419,0,34403.75,16,0
2956,66,1162.89,6.0,1,519.4214103026106,0,18832.04,21,0
2957,59,2747.08,1.2,2,460.5011101419349,0,36346.58,22,0
2958,55,6581.11,1.9,0,778.908898293306,0,20520.48,6,0
2959,35,1121.32,1.6,1,456.91414160676175,0,48405.44,40,0
2960,62,4170.41,0.5,2,668.3062711399045,0,34873.62,34,0
2961,52,2888.84,9.5,1,502.13299579780306,0,2807.48,28,1
2962,47,732.28,1.6,1,393.06816491523136,0,16859.84,30,0
2963,41,3280.42,6.2,3,562.5216206186768,0,28398.51,14,0
2964,59,1525.42,0.6,3,689.949996247716,0,7522.75,12,0
2965,47,1171.31,2.4,3,477.82289115269265,0,624.75,43,0
2966,31,3002.84,0.1,2,657.6094728144831,0,4425.75,37,0
2967,23,636.08,4.3,4,676.2863561186451,1,26451.04,35,0
2968,20,1738.13,2.6,2,472.8309858480696,2,31796.63,16,1
2969,33,22946.93,2.9,2,577.223871128763,0,5098.72,42,0
2970,24,5014.95,0.2,1,757.7074822327164,0,33425.25,25,0
2971,69,1472.71,0.7,1,665.0592619963743,0,31047.65,20,1
2972,31,9166.7,0.2,1,573.8507535423979,0,47024.9,55,0
2973,26,1347.98,1.0,1,641.529548125392,1,42113.44,46,0
2974,32,1914.18,3.0,1,531.4736691529552,2,47190.47,14,0
2975,38,1189.06,2.5,3,711.3695678385025,0,48322.33,44,1
2976,52,3658.7,2.8,2,711.3260064602139,0,22320.02,38,0
2977,19,8909.77,2.4,0,612.0905915086055,0,24651.58,27,1
2978,44,1340.5,1.0,2,623.0706156457694,0,14440.29,54,0
2979,19,573.44,0.8,1,500.12031249943277,1,25667.4,39,1
2980,52,7135.04,0.4,2,464.79635729321706,0,7960.38,42,0
2981,35,10332.41,5.7,2,562.3395256058469,1,33735.83,53,1
2982,31,604.22,2.9,4,591.2598290308822,0,1734.16,24,0
2983,37,4307.2,0.6,5,706.2627497387989,0,12163.57,8,0
2984,35,3573.16,0.6,1,692.242775061831,0,10799.55,18,0
2985,27,1587.67,6.2,0,618.4832888359093,2,46925.51,25,0
2986,42,977.03,4.1,1,719.0538984372787,0,7672.64,11,0
2987,19,6590.6,3.2,4,505.6513821185597,0,44593.38,45,0
2988,42,3440.1,1.6,2,707.733688727837,1,6655.73,37,0
2989,71,3653.87,0.9,1,520.9571285650533,0,32709.55,31,0
2990,50,1812.72,11.7,1,723.9694530064243,0,16334.36,16,0
2991,53,1569.44,4.8,4,598.6653535230018,1,16142.12,7,0
2992,48,418.23,1.1,2,400.1713323462262,1,49914.42,23,0
2993,31,2483.88,5.6,1,673.0157164031442,0,11689.12,55,0
2994,18,9424.44,4.3,2,680.954575950078,1,10526.72,8,0
2995,63,1462.34,1.1,2,554.3419945511419,1,29672.07,3,0
2996,33,881.89,1.7,5,562.8740421605984,0,37167.24,33,0
2997,71,4223.97,0.6,3,584.0454720115396,0,49133.97,47,0
2998,63,4895.46,0.4,4,407.48481873737285,1,35219.98,43,1
2999,69,1865.48,3.8,1,363.5271826904857,0,28312.62,30,1
3000,20,2255.19,0.9,2,730.1625638130389,0,20752.02,5,0
3001,52,3681.67,5.1,2,517.5932332589423,0,29958.08,40,0
3002,58,2632.16,16.3,0,785.5264109576364,1,30241.33,54,0
3003,23,6634.93,0.2,1,737.0401801138914,2,11276.72,25,0
3004,42,20947.91,1.9,0,756.7195314269738,1,33724.82,42,0
3005,30,759.51,4.9,3,534.9701047532845,0,10618.98,6,0
3006,70,7972.9,4.7,3,439.1598813069419,2,24752.76,8,0
3007,51,3242.85,4.3,1,491.3117693405645,3,13363.54,14,1
3008,25,9050.37,1.3,0,555.3545272847089,2,15983.65,14,0
3009,38,5321.36,1.8,1,362.677026714936,1,30886.91,9,0
3010,51,3130.43,2.7,2,552.4574310875832,0,3692.01,30,0
3011,21,5475.39,10.9,1,579.832197248889,1,1095.72,28,0
3012,42,2174.76,1.2,0,470.55790284133053,1,6965.69,50,0
3013,32,1604.49,7.7,2,495.9514901754168,0,8851.0,9,1
3014,21,5702.67,0.9,5,577.9401478819199,0,10294.71,59,0
3015,62,1517.07,13.5,0,635.6286548310302,0,38809.59,58,0
3016,29,4983.55,3.3,2,510.9177331999756,1,22619.47,5,1
3017,49,3055.19,1.9,3,629.2252609576269,0,23761.84,15,0
3018,49,462.41,2.9,2,613.6846007987855,0,32394.54,54,0
3019,45,1882.76,1.0,2,604.6885859018391,1,36590.88,43,0
3020,30,3896.64,1.0,2,534.7985876143423,1,673.66,13,0
3021,48,2154.25,0.4,2,466.66204039646175,0,42907.9,41,1
3022,31,388.62,0.4,3,769.6451979900739,1,49427.52,25,0
3023,37,8574.95,1.3,1,663.0305916457426,0,6529.47,49,0
3024,35,3413.52,4.3,6,700.5731653060739,1,32728.49,3,0
3025,46,4251.35,2.8,2,591.6370315161078,1,619.48,36,0
3026,23,2041.38,0.3,4,583.5974557739862,0,2926.96,33,0
3027,49,4560.52,5.7,1,649.0659680725388,0,14607.55,35,0
3028,46,12937.12,2.8,2,416.5311649547755,0,42397.0,49,0
3029,60,1655.64,9.7,1,488.53565306468556,2,32798.79,38,1
3030,19,11311.9,3.3,2,520.2225121971627,0,22568.14,38,0
3031,40,4100.45,0.6,1,554.5433577458238,0,22210.62,16,1
3032,36,1486.91,1.9,7,512.0304320529846,1,23569.65,39,1
3033,48,17499.24,3.1,2,633.2807125250746,3,15896.14,34,1
3034,68,4077.8,0.1,0,608.1447234462836,2,43946.87,55,1
3035,22,5121.4,0.0,1,739.2864689751377,0,28609.52,30,0
3036,36,2403.11,0.4,4,847.3759157112562,2,24455.52,3,0
3037,51,1576.46,0.9,3,473.7149759851567,0,23521.29,49,0
3038,27,3409.26,1.7,0,614.7305213968446,0,46823.41,9,0
3039,42,10563.62,2.0,1,614.5525878206975,2,36321.27,18,0
3040,19,2326.85,0.4,0,598.5801930235338,0,7668.32,56,0
3041,28,2917.84,3.4,3,491.51754290344985,3,22130.02,34,0
3042,67,9557.32,2.7,3,508.28025543574495,0,14774.42,26,0
3043,48,2344.29,1.0,2,624.0405611916119,1,49350.0,16,0
3044,73,4483.78,0.0,0,505.46499266927634,1,21062.09,49,0
3045,32,6014.21,0.2,2,615.9271972167007,2,3859.57,17,1
3046,26,2546.75,1.5,3,575.4050215454395,0,20854.99,54,0
3047,40,3819.48,0.5,1,614.1657903121283,0,16406.84,3,0
3048,36,5058.79,1.4,3,504.6699529565566,3,30179.34,30,0
3049,26,2163.04,3.0,4,615.7469242334537,0,11690.87,21,0
3050,52,5725.08,2.4,4,511.90474165234093,0,2280.7,59,0
3051,38,1924.48,0.8,3,616.0695608656919,0,5246.08,9,0
3052,26,1737.03,1.3,3,733.9396122439157,2,14515.81,20,0
3053,45,878.63,2.9,1,626.0983850016071,1,17741.97,49,0
3054,63,1992.67,5.9,2,632.1870382383057,0,41805.3,15,0
3055,68,1552.46,4.2,1,681.7206517497548,0,13868.45,53,0
3056,24,2163.11,2.4,2,459.6441655526737,0,2058.91,20,1
3057,33,4863.89,1.3,4,771.8921573723012,1,39146.31,6,1
3058,33,749.54,1.4,0,494.441000738763,0,43511.42,52,0
3059,50,614.16,6.3,2,687.9660997368937,2,24869.16,6,1
3060,21,1637.19,0.1,2,674.6909987256323,0,14603.9,29,0
3061,21,4311.26,13.3,3,509.78336384952394,0,38720.92,18,0
3062,56,3755.93,3.3,1,700.8886136766762,0,940.47,16,1
3063,57,1616.39,3.4,1,649.7812766413309,0,46239.4,16,1
3064,34,7597.14,0.1,4,788.9978644402257,1,43343.82,9,1
3065,54,1760.36,2.8,5,619.3378751341293,0,27469.24,47,0
3066,56,4315.48,2.0,2,589.1456668477402,1,14240.27,58,1
3067,69,2230.03,0.3,1,548.5237472081795,0,2125.82,16,0
3068,46,1487.69,1.0,2,425.66447286488267,0,49991.28,44,0
3069,69,1837.11,6.6,3,568.177243524884,0,38222.65,47,1
3070,53,5362.58,2.4,2,572.4101605741123,0,17266.14,8,1
3071,55,3979.14,1.6,4,626.2058182557435,0,1453.96,45,0
3072,56,6467.09,0.2,3,457.6896889117534,0,32144.94,59,1
3073,67,3979.01,3.8,3,576.0987788813121,0,49351.75,40,0
3074,54,821.44,3.6,2,657.6251392022116,0,35500.1,29,0
3075,69,16180.01,2.9,4,667.5509675492517,0,4643.86,13,0
3076,52,4024.42,2.1,4,414.0184823862673,1,20412.78,33,1
3077,24,4499.57,1.7,2,670.6406608653224,1,5904.58,53,0
3078,44,2205.1,2.7,2,575.3426086878508,1,45651.95,51,0
3079,45,7262.96,0.8,0,581.4989122501446,0,16855.52,59,0
3080,39,1243.29,8.5,1,363.5484630144162,1,36802.14,5,0
3081,31,4855.48,2.7,2,749.357116255788,2,4692.17,3,0
3082,24,564.7,1.1,1,617.6798885011295,0,6856.53,18,0
3083,54,5124.39,1.8,4,446.8539573477293,0,34134.64,46,1
3084,39,1256.84,4.9,0,637.5201574916466,0,42252.26,29,0
3085,22,3720.43,0.5,2,634.4478440847024,1,10471.77,48,0
3086,72,8829.67,1.0,2,722.254415293299,1,21207.69,52,0
3087,19,5757.01,3.4,4,569.0311230709123,0,31161.14,5,0
3088,44,7938.7,1.1,1,601.1996068938586,0,39915.68,58,0
3089,38,7307.66,4.7,4,535.7192199762092,0,31595.73,10,1
3090,71,1959.75,0.4,2,659.7948613992738,2,5223.58,52,1
3091,55,4811.02,4.3,3,521.6509658324951,1,27369.56,18,1
3092,32,749.99,0.2,2,510.700948291977,1,44288.03,49,1
3093,38,1720.64,0.0,1,593.220246222008,0,43467.17,56,1
3094,27,9082.67,6.9,1,477.41362286961714,0,29458.27,4,1
3095,40,2190.69,2.6,4,760.2131218539234,0,49786.96,31,0
3096,73,668.88,1.3,2,792.7266727741876,0,5703.62,18,1
3097,56,14927.48,0.8,1,554.6409914578185,0,24190.47,57,0
3098,22,4674.14,2.9,3,461.34049934428344,1,38868.62,31,1
3099,18,5494.94,2.1,3,633.6592038902062,1,7481.39,33,0
3100,30,1360.52,14.3,0,551.7897482031076,1,48651.11,44,0
3101,38,3741.51,12.3,5,717.4681132528032,0,18025.3,13,1
3102,43,3663.08,3.0,0,521.2853404470096,0,17831.92,53,0
3103,67,1545.05,1.8,5,654.4513222428443,0,11053.12,34,0
3104,62,2602.28,2.0,1,611.3993589391694,1,14756.86,26,0
3105,38,897.51,3.4,2,532.373848938659,0,29090.65,21,0
3106,70,2258.9,0.3,4,624.0049828491941,0,21753.04,34,0
3107,35,6496.88,1.2,1,687.8532558474849,0,10072.22,12,1
3108,54,1640.11,0.2,1,608.6848519055396,2,40552.43,56,0
3109,62,13709.42,0.2,2,609.7284665126258,0,3580.85,51,0
3110,49,944.95,0.7,5,512.7216572146325,3,41815.31,58,1
3111,53,2420.82,2.0,3,714.4204797904135,0,14109.47,34,0
3112,34,1763.15,4.6,4,704.4546578143184,0,25047.21,25,1
3113,52,2580.8,2.0,1,558.9440811313503,2,19362.69,35,0
3114,66,8930.07,1.2,1,587.5711540517004,0,28744.8,32,0
3115,28,1356.19,0.3,6,741.4220672690327,1,39901.5,32,1
3116,38,2077.63,2.4,1,486.64291789525447,1,49471.33,9,1
3117,69,5032.16,0.9,1,660.4288391358781,0,15649.93,18,1
3118,72,3211.61,2.9,2,544.1386226868872,0,27913.32,45,1
3119,70,3429.4,11.3,2,777.807787675164,1,23567.37,55,1
3120,43,1377.16,0.4,2,606.3446728665338,0,49946.94,52,0
3121,21,2815.04,0.7,1,726.0378518140043,0,40541.22,3,0
3122,51,7370.66,1.9,6,523.8672651538872,1,20155.65,32,0
3123,69,822.53,10.4,2,475.1471317675732,0,24105.51,36,1
3124,65,1706.42,4.4,1,576.5740542798889,1,12674.85,56,0
3125,35,697.54,6.9,1,626.2683457946837,1,37884.74,36,1
3126,57,4580.58,1.2,4,548.9268317983586,0,42337.98,40,0
3127,52,7945.62,14.5,2,675.8307426274968,0,48266.85,33,0
3128,58,2574.14,0.3,1,579.0046432189571,2,28508.53,58,0
3129,46,1333.53,0.2,0,391.8562838233394,0,33698.81,10,1
3130,69,1365.13,5.8,1,655.2811979193001,0,22579.91,56,0
3131,46,2350.43,7.9,1,511.74629408528426,0,30651.86,55,0
3132,55,2343.27,0.3,2,563.8402618323481,0,17763.08,22,0
3133,59,6182.42,0.4,4,755.3131203539356,1,37015.61,48,1
3134,38,1745.68,0.1,1,777.2811724121091,1,1623.67,56,0
3135,59,4221.99,0.3,3,542.4506564907189,0,1908.61,31,0
3136,30,2334.67,0.7,2,657.778663063184,1,35947.98,33,1
3137,66,1642.86,10.5,2,544.7725509577356,0,46568.8,23,0
3138,58,2288.61,3.3,4,571.3127021101396,0,31796.32,28,1
3139,34,3901.95,4.5,1,539.4224585101447,0,36463.15,33,0
3140,73,6197.78,4.5,1,427.56563196035154,0,41284.75,22,0
3141,26,2436.75,2.3,2,609.5055223733709,0,18402.88,24,0
3142,58,1137.8,4.8,2,628.8165386946166,0,5851.63,59,0
3143,18,6632.73,2.7,3,532.8998254688862,1,46688.07,59,0
3144,19,1453.11,1.1,1,708.7791711437109,0,46959.24,42,0
3145,65,3672.61,2.5,3,556.391978290478,2,22371.11,28,0
3146,46,2922.32,2.3,1,536.2788175140985,0,11249.9,19,0
3147,50,2625.81,5.2,1,652.6503118108106,1,44671.54,27,0
3148,27,2019.12,12.0,3,445.7318010027471,0,35567.12,39,1
3149,67,4895.73,1.6,2,690.6679031702806,0,907.3,29,0
3150,57,169.75,4.3,5,559.7830842605637,1,5832.13,5,0
3151,38,7399.56,0.3,0,698.9286076394089,0,49168.38,58,0
3152,45,1436.54,4.5,6,728.8130525829156,0,2387.34,26,0
3153,28,4131.37,1.4,1,664.0153442357141,1,14486.47,27,0
3154,72,3960.08,0.1,2,518.8026707271689,1,27650.57,52,0
3155,51,8266.63,1.4,4,474.91682935155956,1,9625.6,12,1
3156,25,3491.89,2.8,3,456.5927336664764,0,11986.68,38,1
3157,39,1535.66,0.4,3,710.2910701701311,3,17971.89,44,0
3158,25,825.67,7.7,1,586.5199887799816,0,13842.94,20,1
3159,66,2255.12,0.2,2,540.0778205469152,0,40266.13,47,0
3160,32,622.32,8.0,4,586.7917848461108,0,25263.59,56,1
3161,34,1803.01,3.7,0,708.0621208954168,0,14291.7,19,0
3162,40,2358.77,1.2,2,677.8739785359551,0,15998.25,16,0
3163,41,1716.54,1.5,2,643.8506155708855,0,2473.32,21,0
3164,62,3082.26,4.1,1,663.7886057426405,1,2944.91,20,0
3165,36,2467.89,2.8,1,618.0172355496949,0,36036.42,25,0
3166,22,2293.54,3.3,4,630.2113057296425,0,6089.09,10,0
3167,49,428.67,1.5,3,622.1025231151046,2,24051.94,52,1
3168,61,1058.11,2.0,4,599.9938754372446,3,42197.1,18,0
3169,18,4984.68,13.8,2,675.3373883831282,0,18738.45,27,0
3170,40,5672.61,0.7,3,636.1282106200395,0,17614.74,45,0
3171,54,684.7,1.6,2,511.9284968893042,3,43715.89,34,1
3172,25,1553.44,1.0,3,652.8874385522654,0,43310.09,51,1
3173,30,7027.4,4.3,3,624.7247066379305,0,44066.77,52,0
3174,25,1678.35,4.3,0,661.1413468915099,0,28809.74,21,0
3175,74,2726.59,1.0,1,589.5793086384972,0,47639.06,20,0
3176,40,9446.92,0.3,3,681.1740313767158,0,41038.72,34,0
3177,60,2232.19,0.0,2,593.8591449133843,1,21073.9,48,1
3178,18,1990.67,1.7,1,672.3879686600545,2,31662.98,51,0
3179,62,2629.03,1.6,1,554.3528484049489,0,6528.56,42,0
3180,68,13130.97,13.4,1,561.2745945901047,2,27790.94,17,0
3181,41,4259.73,1.9,2,660.2052523210125,0,13525.88,51,0
3182,52,3026.81,0.9,3,566.8226606255256,1,14535.59,23,0
3183,41,1959.63,6.7,1,820.5782694748161,0,6723.05,13,0
3184,34,4587.33,2.0,0,656.6444986779027,1,18230.86,31,0
3185,22,5053.11,2.7,1,602.49234861542,0,24328.82,34,0
3186,37,1263.27,0.3,1,681.9900776758849,2,30217.54,8,0
3187,38,5163.15,1.4,1,551.9319590023483,0,15591.03,57,0
3188,57,2641.44,8.7,2,692.3014819233017,0,39716.29,21,0
3189,48,3040.69,2.7,1,689.5235216663532,0,26287.52,18,1
3190,63,1469.34,1.3,3,725.353405777955,0,32083.58,14,0
3191,53,2164.65,2.9,0,555.9190468651423,3,14268.11,17,0
3192,28,1307.52,7.2,7,477.7266745862255,1,40799.73,13,0
3193,69,1258.18,1.0,2,538.9845360797451,0,31401.59,41,0
3194,32,4030.61,2.1,1,571.8369484027253,0,43186.26,58,0
3195,36,2243.76,9.6,3,766.7211600851755,0,8417.6,12,0
3196,24,1053.94,0.6,1,819.5012029127749,0,19342.83,53,1
3197,68,17011.45,3.8,2,634.4662304643982,0,6094.3,39,0
3198,45,1212.3,2.9,0,600.9390608018599,0,11168.6,51,0
3199,68,7141.53,3.4,3,565.0092169525789,1,20030.1,59,1
3200,60,914.91,1.3,2,682.4690350210867,1,44781.8,26,0
3201,22,4294.98,1.1,4,818.8581391991518,0,28073.51,53,0
3202,22,2439.51,3.5,0,778.5850891188272,1,16853.73,38,0
3203,47,1802.18,0.7,3,713.7976612605834,0,37471.51,3,0
3204,71,3489.08,1.6,1,712.3302531113857,1,1474.29,48,0
3205,49,3133.19,0.6,2,683.2309886254114,1,18819.56,19,0
3206,25,1556.24,0.0,1,595.2709354291466,0,30241.17,16,1
3207,27,1500.88,10.5,2,526.3451777459204,1,29370.25,40,0
3208,55,846.3,1.7,3,597.9185910672059,0,30574.12,56,0
3209,64,3806.45,10.5,3,642.2339602131353,0,10969.29,27,0
3210,49,1093.3,0.5,4,454.6366101281705,0,17185.42,39,0
3211,65,2990.45,2.7,1,584.7049270633792,2,46612.49,37,0
3212,45,4788.55,0.7,2,517.4067645408727,0,48711.79,24,0
3213,34,3520.8,4.7,2,701.3841161068142,1,15945.9,58,0
3214,48,1671.53,4.6,2,545.029159784329,1,32402.93,49,0
3215,25,6167.51,0.4,1,632.8220331980988,0,12444.19,9,0
3216,57,2150.86,7.3,3,529.9979707064424,3,18742.17,13,1
3217,42,1025.23,0.6,2,759.7699325960916,2,39720.57,12,0
3218,26,2375.63,2.8,3,429.92430634654147,0,25308.35,16,0
3219,19,4766.84,12.7,1,647.5840376843967,1,42554.7,37,0
3220,32,1737.96,6.4,0,472.27423315600674,2,31622.64,48,0
3221,67,6018.21,9.4,1,549.066734951515,2,31631.6,51,1
3222,20,1609.6,1.3,0,620.6186703684505,0,2177.06,38,0
3223,66,1794.77,0.3,3,625.5357031316837,0,37608.68,8,0
3224,53,1290.95,0.6,3,622.9266841095413,1,48904.39,54,1
3225,21,5151.11,2.1,1,615.1749140975501,1,23914.91,7,1
3226,31,2856.65,4.7,1,535.8155738126558,0,8349.71,44,1
3227,58,1361.29,0.5,1,583.5946676911188,0,48860.39,9,0
3228,58,2171.19,3.2,1,603.1634016178915,0,14861.23,17,0
3229,42,255.46,1.2,2,619.5360396758883,0,20755.3,23,0
3230,72,5554.58,1.3,0,593.4319527193012,0,4329.64,55,0
3231,67,2600.35,3.3,1,672.9590420984455,1,5986.42,20,0
3232,27,434.85,1.9,4,609.3386970150942,1,11220.0,3,1
3233,38,929.51,5.0,1,620.1325967621614,0,27649.07,6,1
3234,53,2127.55,0.5,4,561.7347651688483,0,28110.57,13,0
3235,29,1041.76,4.7,1,494.75580733855776,1,30509.07,12,1
3236,44,5623.33,0.2,1,615.402893073247,0,29398.94,47,0
3237,57,4166.61,0.6,1,720.7446043962938,2,25014.23,58,0
3238,19,3974.4,3.2,1,644.3861230730413,1,40203.88,21,0
3239,71,371.12,5.8,1,518.2506058785208,1,46728.04,56,1
3240,30,1957.91,0.9,0,681.4740025818604,0,13853.19,44,0
3241,70,1706.0,1.2,2,566.4882932206043,1,6944.59,32,0
3242,49,1389.58,2.3,0,671.4653980480288,1,21541.82,52,0
3243,48,2138.5,0.7,3,563.1204135103839,0,1807.91,43,1
3244,33,1210.77,5.0,1,635.330643982737,1,44224.28,43,1
3245,49,3541.04,4.5,4,548.1502663375653,0,12365.46,22,0
3246,49,5504.06,0.5,1,550.6947503529666,1,27690.18,29,0
3247,51,5137.42,1.9,2,443.373463290426,1,6197.2,14,1
3248,28,2669.57,4.5,4,651.207481916116,0,27886.24,58,0
3249,27,14755.8,1.2,0,637.0169634820337,0,2430.18,16,0
3250,32,7420.34,3.0,2,642.6442716260942,1,38555.93,36,0
3251,34,2748.34,0.2,2,627.5330561131811,0,47793.36,44,1
3252,57,2026.74,2.8,1,523.7749966676697,2,15695.32,52,1
3253,35,8694.29,0.5,3,696.589926449358,0,13281.62,40,0
3254,72,6674.6,5.3,3,699.277930009227,0,22675.75,4,0
3255,26,964.55,1.3,2,521.1762534829418,1,31188.7,51,0
3256,42,7105.73,1.0,4,653.2123991349958,3,9853.64,34,0
3257,57,2634.64,5.5,1,687.4991185367977,2,40263.75,20,0
3258,31,1497.08,0.2,2,552.9901726656278,1,10327.47,52,0
3259,42,611.94,1.5,4,570.3964310755648,1,770.97,23,0
3260,67,2403.95,1.4,1,653.4113408211786,0,26450.4,48,1
3261,39,2951.94,1.0,2,448.9670230585699,0,6199.91,56,0
3262,69,10613.29,7.3,0,491.14827784659997,3,35062.82,13,1
3263,47,6411.11,4.2,0,501.02249921304383,0,8789.76,32,0
3264,37,1869.99,0.2,2,420.36836351745046,1,40960.33,21,1
3265,38,4070.31,3.8,3,708.493977418748,0,23783.22,50,0
3266,61,5773.3,2.2,0,401.1868185808333,1,28530.76,42,0
3267,49,3193.16,6.9,5,634.3110663431366,0,9735.97,52,0
3268,68,1863.62,1.1,1,681.168339475522,0,7761.06,32,0
3269,63,1947.42,2.6,5,570.6404045586733,3,31748.98,37,0
3270,66,4057.73,2.1,2,533.1632375268755,0,13145.3,6,1
3271,73,4148.01,2.0,5,623.2842450736639,1,19603.32,23,0
3272,38,2358.16,1.8,2,600.1833000594481,0,24232.73,7,1
3273,52,366.75,0.7,2,700.3504862416415,0,11866.86,56,0
3274,49,1061.65,4.2,5,337.14788596020423,2,39873.48,38,0
3275,47,4893.93,1.8,0,508.1292523851872,0,47001.51,29,0
3276,72,542.03,9.5,4,656.1576883916056,1,21878.71,9,0
3277,56,7687.45,0.9,2,605.0447442774461,1,45918.65,58,1
3278,66,6828.95,3.4,4,675.2034159196867,0,44192.8,33,0
3279,29,3080.59,8.5,1,626.2019976239662,0,8719.34,22,0
3280,58,4809.48,3.3,4,586.5262936758687,0,9082.41,27,0
3281,64,4550.62,6.2,3,569.7711556906496,2,24131.55,40,0
3282,35,2714.88,5.3,6,832.5055015875587,2,26529.93,58,0
3283,38,993.16,1.3,1,753.4946274031511,0,17385.92,27,1
3284,30,6462.8,2.7,2,649.5505098095222,1,15989.59,19,0
3285,38,9189.2,0.5,1,607.8463893448414,0,21852.68,48,0
3286,25,1133.57,2.3,1,653.8132549353435,2,34678.72,39,1
3287,63,963.91,0.8,3,682.6834717872908,0,4677.48,17,0
3288,57,2671.95,4.1,3,641.882668570451,0,35673.81,57,0
3289,63,1806.27,2.3,1,524.8619876613442,0,46348.89,12,1
3290,24,3347.47,1.6,2,778.4510767724511,0,38293.58,36,0
3291,40,7835.31,0.9,3,624.620822775402,0,9988.0,46,0
3292,61,494.46,19.9,5,801.3930030389814,0,4830.32,45,0
3293,49,10562.0,0.2,0,618.7147486877334,1,24773.83,9,1
3294,28,2153.1,0.1,1,575.4346647874466,0,47842.1,41,0
3295,39,4489.17,0.7,2,738.4140124046464,0,41043.43,53,0
3296,39,4890.16,10.6,5,630.1186958077767,0,28355.32,27,0
3297,60,5368.33,11.6,2,613.342263450929,0,7577.58,41,0
3298,42,3132.31,3.2,1,479.9635794357406,0,35834.92,48,0
3299,39,3776.11,6.4,3,666.0217805135828,0,40743.41,46,0
3300,45,3756.4,0.7,1,550.6689617044092,0,46785.92,30,0
3301,46,1800.42,10.7,0,555.2208790926026,1,30799.75,44,0
3302,30,730.37,0.5,2,550.9451154594828,0,25966.06,29,0
3303,35,1124.0,0.3,2,643.9033834695302,0,31149.51,39,0
3304,19,2742.46,0.4,2,446.462372642431,2,47191.0,57,0
3305,46,1588.51,2.6,1,578.9154657274192,0,31592.29,41,0
3306,38,1591.45,4.6,2,698.0278991109378,0,13250.8,40,0
3307,32,12574.18,1.4,3,475.43311306599924,0,31989.49,54,0
3308,69,5926.07,11.4,4,617.2878960934585,0,44047.36,58,1
3309,44,2436.55,1.7,1,536.8600579729166,0,28566.6,30,0
3310,67,5103.22,0.5,0,559.6306880534366,0,25383.59,36,0
3311,48,2129.8,1.9,3,765.5152260389907,0,36801.78,31,0
3312,32,3257.06,3.4,2,434.95108164549913,0,33218.94,47,0
3313,68,4244.18,5.4,1,676.5630338171616,1,3306.04,50,0
3314,40,2134.35,1.8,1,552.2071731222787,1,36402.9,10,1
3315,41,1722.96,2.7,0,547.2336014854333,0,20673.7,15,0
3316,61,7935.85,0.9,3,488.84376575117324,1,47074.46,48,0
3317,30,4872.15,3.1,4,675.3899637273636,0,48554.75,39,0
3318,39,490.93,12.8,2,580.8595383715983,0,22712.57,57,1
3319,60,1746.71,0.2,2,568.2330586205347,0,48455.34,5,0
3320,54,1595.56,6.5,2,610.9836929204075,0,15885.62,16,0
3321,50,1813.64,2.5,4,582.9712874258199,0,34290.9,34,0
3322,73,5942.72,0.9,3,399.93121202464755,0,4215.21,25,0
3323,20,3027.11,9.3,2,550.9175817022642,0,7676.97,59,0
3324,71,980.73,2.0,1,689.5440890948324,0,43294.03,25,1
3325,36,2193.88,1.2,0,449.33835358876917,0,44742.31,15,1
3326,40,4598.06,0.6,1,491.00621001436457,1,26864.25,51,0
3327,46,2500.6,0.8,2,557.3208604601474,2,17318.78,43,0
3328,47,1779.81,5.4,2,527.4376581362858,0,22825.68,41,0
3329,56,3885.38,2.9,3,597.2114517858392,0,43546.41,52,0
3330,61,10878.61,7.3,1,490.6923248321259,0,10944.17,23,0
3331,64,4311.93,0.8,0,561.2145476190627,1,15096.08,45,1
3332,42,8440.13,0.4,1,595.2005468400666,0,39379.43,50,1
3333,54,1877.9,0.0,3,664.8940416207971,0,46795.84,33,0
3334,64,2961.08,2.1,4,724.4789386099596,1,5099.9,52,0
3335,25,2913.64,19.1,0,573.8452846146561,2,40286.73,9,0
3336,59,3277.85,3.6,3,788.8060241245826,0,32430.88,59,0
3337,33,4240.41,1.1,8,581.6095419455476,0,11923.19,38,0
3338,25,1429.14,6.3,1,682.887514825653,0,37912.95,21,0
3339,18,5003.37,4.6,1,793.1507734726779,1,36531.85,24,0
3340,61,810.53,0.0,1,613.9308409235936,0,7530.48,26,0
3341,22,1023.92,5.1,1,462.64733784224643,0,25361.43,26,0
3342,20,16456.91,1.1,1,609.0903857207632,0,38035.41,58,0
3343,18,1982.08,0.5,6,538.835711179509,0,9981.43,23,0
3344,21,5343.39,0.8,2,572.5567973027548,0,23406.92,45,1
3345,57,11598.51,1.9,3,798.4976882495215,0,6476.69,15,0
3346,52,467.98,1.7,3,477.72365767761244,0,15688.33,8,0
3347,49,7339.29,1.0,5,630.0466822305859,0,11288.27,30,0
3348,59,5009.82,0.6,2,512.2278719678276,0,25501.02,34,0
3349,51,11073.59,4.3,1,569.2342058799086,0,7490.16,15,0
3350,60,1158.38,13.8,1,674.4842335204484,0,19465.96,36,0
3351,42,9518.61,4.5,2,631.8163943473023,0,14120.56,34,0
3352,27,1649.9,1.1,2,577.4967731038411,0,37429.42,56,0
3353,38,6931.44,0.8,1,535.0199674735372,0,35133.65,16,0
3354,63,2896.28,0.7,0,631.6078192153615,0,5199.06,34,0
3355,56,5522.66,0.4,0,770.7686717153371,0,47697.45,47,0
3356,44,3099.81,2.4,1,509.86480573763765,0,37361.8,7,0
3357,44,684.36,2.8,2,791.1663885457773,0,30989.96,37,0
3358,19,245.57,3.7,0,719.9497450725152,0,24146.22,58,1
3359,58,3526.05,3.4,2,736.9353367577767,0,9307.16,6,0
3360,65,2413.93,1.0,1,630.8432380929602,0,48119.79,16,0
3361,30,4099.32,1.2,1,717.1129775509894,1,888.99,20,0
3362,26,2436.4,3.4,2,499.1168717549374,0,34777.82,13,0
3363,69,14979.86,1.3,3,533.1956092151488,0,25618.49,21,0
3364,53,3584.7,0.7,3,676.5813813920392,0,45177.8,4,0
3365,39,2084.83,1.4,0,629.5845055223816,0,19344.52,36,0
3366,59,3904.52,1.0,4,585.1620741502231,0,26172.9,5,1
3367,43,2115.53,0.3,2,349.7391109392578,0,37245.8,31,0
3368,71,3211.02,5.3,3,556.4525951961829,1,2854.54,25,0
3369,29,1125.54,5.8,2,482.5946219701734,3,3196.52,50,1
3370,34,2960.55,0.7,3,649.3534311311503,0,10977.8,3,0
3371,31,2033.92,0.2,3,580.8831471432765,0,7748.02,44,0
3372,31,1214.16,4.0,0,537.1699455833495,0,818.95,8,1
3373,74,14480.94,0.7,0,850.0,0,31338.0,19,1
3374,51,1252.64,1.5,1,703.8174476694235,0,39898.93,21,1
3375,70,2997.61,0.2,3,705.5872141356059,1,47877.19,46,1
3376,74,1568.31,0.8,2,820.2215144682173,0,22324.57,54,0
3377,37,3780.58,4.7,3,680.2191782683109,1,14346.17,50,0
3378,28,1075.45,4.9,0,522.9045990527134,0,43263.17,58,0
3379,33,5838.83,0.7,4,511.2103648308264,0,42297.58,4,1
3380,68,15198.09,1.2,1,696.4902758754234,1,31429.74,17,0
3381,48,1522.9,0.4,1,394.06457202248237,1,14020.88,25,1
3382,72,7891.77,0.2,5,592.2220368990435,1,45471.62,21,1
3383,23,2196.23,14.6,4,382.8875622443552,2,9330.87,35,0
3384,73,9943.09,3.2,0,609.8843508389506,0,2660.5,8,0
3385,36,17167.94,2.3,2,685.4070250711953,0,39932.61,52,0
3386,54,2472.63,4.4,3,627.9415534603633,0,28401.12,21,0
3387,21,883.41,5.5,1,693.8109358970598,1,12700.16,32,0
3388,64,6364.35,4.9,1,796.4826941659915,2,33709.34,24,1
3389,21,3567.19,0.1,3,585.6461562737991,0,38452.47,5,0
3390,37,4453.44,0.6,3,850.0,0,42305.02,7,1
3391,27,2271.34,3.2,2,621.2669956170155,0,14465.24,32,0
3392,41,1469.1,1.4,0,694.916506269036,0,1766.58,5,0
3393,71,7542.27,12.1,3,538.8937285434932,0,25746.92,41,0
3394,52,3850.01,3.3,0,761.9313979630682,1,42875.89,41,0
3395,43,939.32,9.4,1,704.1710198542629,0,10787.16,30,0
3396,54,5164.17,0.7,4,747.1451302567998,0,21345.71,3,0
3397,55,4398.13,6.0,2,605.4504421773955,1,13192.83,24,0
3398,38,2297.92,1.2,3,474.45824356167105,0,1161.45,47,0
3399,71,10892.73,13.7,0,646.0397439625406,2,44976.94,47,0
3400,57,1817.94,0.5,1,430.2980186676484,1,7185.13,49,1
3401,56,2604.02,2.2,3,566.3814196378048,1,38454.97,53,0
3402,38,5513.3,4.7,1,619.1080436632251,0,17656.86,41,1
3403,27,3169.76,1.7,0,837.7224292510767,1,14245.25,19,0
3404,55,984.82,1.9,1,631.8548611941941,0,47080.93,44,0
3405,63,3453.14,12.9,2,613.953746908304,0,33031.37,53,0
3406,21,2139.84,1.7,2,593.6967575964708,0,34502.67,30,0
3407,74,5917.07,2.8,3,465.79090952349827,0,38102.82,52,0
3408,62,3364.3,0.2,3,608.5825840013008,0,17376.2,32,0
3409,37,3215.08,5.5,3,610.2882676136772,1,28401.39,42,0
3410,34,1288.71,3.1,3,503.1391504546283,1,13876.06,10,1
3411,72,2479.92,1.6,3,481.3254385571635,0,41809.81,29,1
3412,24,6477.44,0.0,3,551.8429317232267,1,30165.72,43,0
3413,21,1601.62,2.7,3,606.4932978572693,0,12548.64,47,0
3414,46,2904.34,0.0,1,554.2445818618542,0,45038.04,27,0
3415,31,1409.29,0.0,2,494.9124550348479,0,29251.58,15,1
3416,20,1156.24,2.9,3,628.9272252004306,1,25004.01,36,0
3417,41,2785.31,0.6,0,653.8866824169229,0,2207.14,41,0
3418,54,3425.63,0.6,1,612.1297709222235,1,45535.2,9,0
3419,33,14692.47,3.2,1,543.7017286123066,2,47637.56,54,0
3420,72,2070.68,0.2,3,659.4841021232259,0,28348.63,24,0
3421,69,2863.69,1.1,2,580.9462710273019,0,22404.41,35,0
3422,21,1096.57,0.5,3,481.09162926548504,1,18298.47,48,1
3423,73,4864.85,2.6,1,703.6244355001398,1,13768.38,40,0
3424,41,4098.91,3.3,3,635.350801926649,0,28939.2,33,0
3425,51,9805.67,3.8,0,588.0709694304261,0,6840.71,47,0
3426,47,7253.92,0.9,1,442.8947795165275,0,45999.09,35,0
3427,35,3948.64,0.3,1,525.5139720864788,0,9209.96,55,0
3428,36,2046.62,0.2,1,801.8565712382926,0,37402.91,54,0
3429,48,3511.28,1.7,1,449.16579381193026,0,15690.94,24,0
3430,36,2727.63,8.7,2,574.8650720358307,0,11690.52,29,0
3431,66,6391.46,0.7,0,598.3664237646381,0,28114.52,29,1
3432,63,5773.22,0.9,5,632.0476789411555,0,38373.69,23,1
3433,36,2351.64,0.3,2,450.2829064173586,0,36473.47,55,1
3434,39,925.57,2.8,1,617.4176256404601,0,12070.94,37,0
3435,41,8662.08,3.4,3,431.3894537528321,1,16859.87,49,0
3436,62,4748.1,3.1,3,609.7428796195511,1,43507.19,52,1
3437,29,2308.63,5.9,4,534.7602080990417,1,36300.57,57,0
3438,47,4602.24,2.0,1,513.4130733082189,0,35778.35,12,0
3439,55,3164.94,0.4,4,683.4817158667587,0,13810.8,49,0
3440,70,8560.33,1.0,2,576.4393756636118,0,39704.21,30,0
3441,48,636.62,3.3,1,647.3710804907571,0,18241.68,42,0
3442,53,2169.49,2.8,3,650.6826911377817,1,20368.83,39,0
3443,36,10713.33,2.3,6,726.9953488955102,0,14734.27,43,0
3444,65,4677.69,3.4,4,479.17422583789755,1,6508.82,35,0
3445,62,12308.99,3.0,2,691.9015662519756,0,21309.48,53,1
3446,53,1121.65,6.4,0,601.6461622438047,0,1338.51,10,1
3447,47,7028.7,2.6,3,562.1875419630406,0,23067.56,39,0
3448,72,6699.44,4.5,2,485.07494808097175,0,36387.82,52,0
3449,66,776.36,0.9,2,660.6590861542861,0,48056.88,43,0
3450,72,2353.36,3.4,3,507.7775478666115,0,4391.35,35,0
3451,50,2737.44,7.0,1,651.7806586977143,0,14423.89,21,0
3452,35,815.95,1.5,1,792.7830772967133,0,24959.49,32,0
3453,69,2393.04,4.5,1,697.9977040359329,2,8934.2,16,0
3454,66,5994.19,3.9,4,739.1434325150649,0,6283.01,16,0
3455,45,2180.4,0.2,1,528.0995222774968,0,22889.75,38,0
3456,64,3618.11,2.6,3,676.2733046131995,0,29246.16,9,0
3457,28,3639.12,0.4,4,485.57850448636094,0,41100.28,54,1
3458,74,2952.14,10.3,1,576.6517097425386,0,49891.27,45,0
3459,71,1695.71,5.0,2,774.127205621912,0,38826.4,36,0
3460,62,5049.53,0.3,1,539.2157793573516,3,11456.35,52,1
3461,50,837.46,0.4,2,711.1356184173093,1,37524.91,34,1
3462,34,3001.51,2.7,1,701.5646732999714,0,27089.1,44,0
3463,23,9030.74,1.3,2,707.4741250220839,3,22815.07,35,0
3464,21,2084.12,0.1,3,473.2998023878727,0,46818.56,57,0
3465,37,1665.94,2.3,0,652.520096601568,1,35253.58,16,1
3466,65,5326.3,1.5,1,584.3401434083137,1,34243.81,27,0
3467,64,3397.33,0.3,0,708.8496857529111,0,1081.92,30,0
3468,44,5411.91,4.9,4,434.49996002731547,0,43321.04,44,0
3469,32,3074.2,7.4,3,636.7787889065603,1,39768.37,52,0
3470,23,441.14,4.2,1,622.6375202840067,0,15297.62,41,0
3471,64,7661.25,5.2,2,400.9883262751065,1,14959.61,32,1
3472,31,15615.53,0.7,1,511.4579643905023,2,3147.18,33,1
3473,28,8326.79,0.9,2,416.9847786883149,0,3017.39,26,0
3474,56,175.72,0.7,6,527.3644698077094,1,33595.43,53,1
3475,26,4276.42,4.3,6,654.9217084665148,0,9718.76,6,0
3476,43,2052.07,8.9,2,619.5365575648608,0,46215.62,16,0
3477,33,1252.13,3.8,2,616.9400080593549,0,42199.02,11,0
3478,22,3288.5,6.4,3,496.0251891068617,0,17769.82,38,0
3479,74,2646.1,3.1,2,712.0450491510533,0,19313.39,8,1
3480,69,4477.98,1.5,0,598.118032163866,0,16700.19,26,0
3481,27,3118.99,1.7,2,603.3703812257509,0,5073.55,28,0
3482,67,1216.03,0.2,2,694.039956894613,0,2055.79,36,0
3483,20,1879.42,0.1,2,500.86542523074615,0,22880.59,3,0
3484,30,1651.82,3.6,4,622.8547769871923,1,47180.49,25,0
3485,60,755.07,1.7,4,642.346249160142,1,45903.84,19,1
3486,66,994.94,2.4,2,545.4431849706152,0,40587.02,38,1
3487,47,2517.81,2.4,0,665.2373380759776,1,31615.45,39,0
3488,71,9311.48,1.0,2,647.7123170629567,0,42883.01,52,0
3489,62,1942.16,1.9,0,589.8823287722576,0,25995.89,47,0
3490,23,1626.29,1.9,3,586.7849109865139,0,9417.93,22,0
3491,34,1158.6,1.5,2,652.3547657871305,0,34366.43,28,0
3492,62,3054.68,5.2,1,678.847104001319,0,46071.98,13,0
3493,68,7657.24,1.8,2,606.289991740664,0,1470.45,57,1
3494,70,14796.5,2.8,3,712.0189460406847,2,12946.48,22,0
3495,36,3745.53,6.8,3,665.8525962430583,1,13639.19,3,0
3496,59,3334.22,6.0,3,421.15360502731846,0,5402.46,46,0
3497,52,1929.9,6.6,1,459.5103302457858,1,11661.96,15,0
3498,63,2205.58,0.9,2,718.2235219021661,0,19507.11,38,1
3499,43,4931.21,0.1,1,575.3226868529102,0,47021.85,46,0
3500,68,2317.16,0.9,2,616.4175822797474,0,43083.16,40,1
3501,22,2618.02,1.0,2,713.9290517659144,0,47327.31,15,0
3502,46,2921.12,7.2,1,599.3588782628159,1,6468.3,16,0
3503,54,1858.15,3.1,4,603.7267609589348,0,1888.4,14,0
3504,37,2807.41,0.3,1,513.1270767208271,0,5939.22,55,0
3505,66,592.57,0.4,2,636.999450722752,1,45757.63,54,0
3506,38,4624.25,0.5,0,658.6512218966824,0,8295.69,36,0
3507,27,19563.43,3.0,0,542.2118162997144,1,28845.52,29,0
3508,22,1916.71,4.0,2,507.7978621694133,0,11765.33,56,0
3509,53,4020.13,5.9,0,850.0,0,1521.45,14,0
3510,23,5891.47,8.5,4,590.7091530151718,0,4688.76,40,0
3511,43,8301.34,0.7,2,531.6307660390709,0,35634.95,56,0
3512,21,2412.8,1.1,0,670.6586445292262,0,9527.14,38,1
3513,56,704.4,0.8,0,594.9205964772108,0,11842.39,58,0
3514,56,3691.49,1.3,5,491.4233676737897,1,19174.2,3,0
3515,67,3304.05,7.4,2,648.3053571651445,0,33033.46,28,0
3516,52,2260.78,2.6,1,514.6879030924181,1,23733.93,42,0
3517,18,2678.98,4.0,2,757.6458002155634,0,47258.21,42,0
3518,41,3344.07,2.0,1,649.4504629752403,0,21992.02,23,0
3519,74,3981.48,0.1,2,572.3119575473916,0,10356.98,34,0
3520,53,3850.07,0.2,1,610.9347018022113,0,27039.07,27,0
3521,23,2504.52,2.3,3,690.3288121098193,0,22819.04,14,0
3522,58,4053.85,3.8,0,618.5961253560798,1,39463.35,27,0
3523,71,2373.15,0.7,0,812.2109457233548,0,46788.5,28,1
3524,63,4982.17,3.8,1,713.5867516395524,0,41896.61,38,0
3525,61,1804.51,5.0,3,648.7607367561122,1,19757.47,18,0
3526,74,3160.38,1.6,3,506.3014126491516,1,11197.75,16,1
3527,48,813.23,4.1,2,585.3111896098009,0,45767.2,48,0
3528,37,2217.36,1.6,2,647.8874970052452,0,19604.01,36,0
3529,41,4693.77,3.4,3,517.7138584241861,0,38625.23,51,0
3530,42,1303.77,4.3,3,729.342687496295,0,49481.6,26,0
3531,53,2307.5,14.5,2,502.58426582219596,0,29083.41,10,1
3532,38,435.26,1.3,1,536.2774301954098,2,24254.08,29,0
3533,47,997.79,1.6,1,543.7700815105119,1,35143.6,41,1
3534,41,1230.06,0.5,1,674.3824460633133,0,10099.58,15,0
3535,61,3233.76,0.7,1,519.5063632829227,0,24667.87,31,0
3536,59,3892.19,3.5,0,420.0023429580945,0,15960.37,33,0
3537,47,2850.23,7.5,3,708.8038835761713,0,8629.28,45,0
3538,39,2194.97,1.5,2,555.5613714894438,0,30701.76,21,0
3539,45,2201.11,0.6,3,493.1492367848063,1,28997.45,53,0
3540,24,5286.1,1.0,3,524.514144679746,1,38179.58,12,0
3541,52,3534.25,1.8,2,771.6762749184351,0,43712.02,58,1
3542,72,2282.08,1.0,4,534.2956302727089,1,11408.61,45,0
3543,45,8388.69,0.8,0,587.6631894623099,1,39095.28,50,0
3544,31,14185.56,4.0,0,555.3081637713984,1,18685.57,42,1
3545,73,1100.37,0.0,3,476.73374565662436,0,31625.88,36,0
3546,27,4527.88,2.3,1,525.7281437753037,1,42586.88,48,0
3547,33,35309.65,4.7,1,469.8891592993505,0,13181.16,51,0
3548,33,3730.0,0.9,3,695.5881275680714,2,30247.58,51,0
3549,71,3269.37,2.8,0,610.0879064613596,0,24275.78,45,0
3550,48,2850.97,3.3,5,848.2677762174321,0,39633.58,3,0
3551,59,4412.27,3.2,1,529.1089275009411,0,35013.44,21,1
3552,42,5452.99,1.8,1,514.113975385438,0,38596.78,3,0
3553,30,1101.23,1.3,3,753.3759768355328,1,14753.18,58,0
3554,23,2918.47,5.4,2,705.7977032068135,0,35365.64,26,1
3555,61,485.12,4.3,4,638.4765021771022,0,30487.39,27,0
3556,26,2521.34,1.2,5,488.63084849117286,1,23105.68,6,0
3557,62,1447.87,0.3,0,774.4996267727934,0,19228.01,26,1
3558,53,3910.19,0.2,0,592.7896840229652,1,16914.2,41,0
3559,73,792.26,0.3,1,556.9324871504964,3,978.88,22,0
3560,60,1978.6,2.6,1,714.295973691828,0,8893.15,35,0
3561,37,6459.04,0.2,3,597.770487874627,0,3419.42,30,0
3562,35,1735.3,1.2,2,483.43299143681173,0,42493.7,45,0
3563,60,649.4,4.2,3,604.0302599498582,0,43074.4,47,0
3564,74,3662.96,1.0,0,521.8651198429236,0,42386.57,37,0
3565,38,1864.55,4.3,2,300.0,0,40987.03,26,1
3566,21,2569.05,4.1,2,511.8289807849868,0,11455.86,42,0
3567,67,1662.54,0.8,3,547.2264429132149,0,24843.42,46,1
3568,50,14465.44,3.9,2,484.4354890706952,0,45438.27,4,0
3569,44,857.09,4.1,3,657.5246532114038,1,38109.2,25,0
3570,24,28761.6,1.5,5,522.2552242671218,1,590.1,35,0
3571,23,2180.9,0.7,4,647.8426200834456,0,23241.62,54,0
3572,32,3452.17,2.2,3,476.6680263631685,0,1028.17,16,0
3573,35,1882.14,7.6,1,690.9218921082538,1,14392.72,17,0
3574,49,1820.18,3.1,1,472.35174733335083,0,22070.24,34,1
3575,73,1591.03,0.6,3,365.8469590608927,1,44698.51,25,0
3576,28,4822.3,3.4,2,723.7262585163228,0,32892.02,6,0
3577,37,964.26,1.7,2,514.4106196268829,1,18442.99,22,1
3578,41,3988.96,2.7,2,775.6929058199408,0,24787.42,33,0
3579,32,519.26,4.0,2,656.459190120807,0,40960.78,9,0
3580,65,3710.13,2.2,1,679.0263318381253,1,15332.95,3,0
3581,24,5880.01,5.0,1,704.5472500466072,0,30944.22,7,0
3582,38,1075.33,3.8,2,611.267934624907,1,13481.22,16,1
3583,59,5130.68,2.9,4,612.4055417838539,0,24258.19,32,0
3584,43,3106.05,0.5,3,728.1340024194309,0,1720.6,40,0
3585,61,10707.94,5.4,0,611.1358495698098,1,42687.63,25,0
3586,73,1503.93,8.2,4,527.1823153203391,2,2893.27,9,1
3587,31,28361.52,0.4,1,658.5758560162224,0,11605.84,46,0
3588,74,440.26,2.0,3,388.6356585615048,1,17008.84,41,0
3589,54,2290.21,0.9,3,731.9558801560213,0,31445.48,52,0
3590,38,765.97,4.2,1,734.0439135965091,0,36141.66,56,0
3591,35,13106.23,3.8,2,719.8166668123079,1,4482.33,18,0
3592,22,2417.86,0.5,4,715.9771962377695,0,2651.54,11,0
3593,20,2598.4,6.3,4,591.5824674658877,2,40050.0,41,1
3594,40,4249.64,0.6,2,589.3317615506977,0,35752.24,57,0
3595,43,2969.52,4.8,0,477.0359910229144,1,41661.74,48,1
3596,54,1853.8,1.8,3,774.8041251711047,2,33988.64,36,0
3597,41,1090.82,1.2,1,551.4981826973723,1,37675.11,33,0
3598,66,3411.17,0.5,1,633.988530975188,0,19262.4,47,0
3599,36,4036.23,0.6,0,625.4045282954778,0,29714.12,9,0
3600,68,5199.42,3.3,5,465.95808183958434,0,40366.92,59,1
3601,42,13769.09,2.4,4,425.5324975876795,0,9019.82,53,0
3602,38,523.73,0.4,3,600.5586620867348,0,21429.74,4,0
3603,29,2823.76,0.4,4,554.6243882388491,1,37154.24,8,0
3604,74,7734.07,0.2,1,591.0563140756665,0,26865.51,46,0
3605,58,2698.31,4.1,1,706.5415630203232,0,34242.04,36,0
3606,50,459.19,3.7,3,622.4944150537023,0,14997.03,19,0
3607,67,1061.21,0.2,2,675.8522540764731,1,2100.95,28,1
3608,70,3877.15,2.5,1,644.5328162175578,1,1942.72,14,0
3609,21,3765.96,0.3,2,568.3665806760168,0,47167.67,22,0
3610,59,5105.2,7.0,2,499.8196832806936,0,47254.73,43,0
3611,74,1595.9,7.1,2,626.4717868113469,0,10958.48,48,1
3612,24,3669.85,3.6,0,608.3892619346092,2,7799.55,37,0
3613,39,1398.72,7.8,3,691.5156337504748,1,1397.92,37,0
3614,72,3670.07,5.0,4,584.9099930277507,0,11947.21,56,0
3615,50,3110.6,5.3,5,570.2658454884478,1,17050.4,31,0
3616,34,1545.82,2.5,1,577.05006162184,0,12441.51,50,0
3617,41,10368.7,1.1,3,508.1273364994554,0,39970.51,40,0
3618,51,761.65,0.7,1,744.6909944820458,0,37596.81,33,0
3619,45,2661.65,1.2,3,713.9628754615761,0,4510.2,42,0
3620,60,1518.8,3.0,1,478.6970171041953,1,35017.42,15,0
3621,58,12930.73,0.6,1,680.394814197255,0,26268.96,28,0
3622,56,4811.28,0.9,1,415.49949360676345,0,7042.22,24,0
3623,39,1773.22,1.9,3,698.5289233111023,0,37107.0,10,0
3624,66,2383.27,0.8,3,530.3649548892324,3,4759.26,42,1
3625,34,13213.65,2.7,1,635.9900557678252,1,9268.96,9,0
3626,51,1398.25,7.7,2,407.0490310458328,0,7886.71,7,0
3627,23,726.65,4.1,2,480.129576832205,1,46982.15,54,1
3628,63,3762.37,3.3,0,646.870296724941,0,35058.72,3,0
3629,23,3831.12,2.6,1,529.909181661722,2,20858.65,47,0
3630,51,5078.79,2.0,1,516.0037129627801,2,41199.11,56,0
3631,18,5105.64,0.6,2,739.5861697452098,0,11189.99,42,1
3632,27,12290.29,6.8,3,821.0959211272875,1,46589.12,13,0
3633,38,754.07,0.9,2,693.7013936819483,1,35001.37,54,0
3634,22,1138.83,0.3,2,490.81194282649363,0,28199.24,34,1
3635,19,5063.24,4.2,1,776.35193328177,0,39835.1,9,0
3636,39,1230.9,0.6,2,443.8567740351618,1,32416.66,53,1
3637,65,929.58,1.4,1,569.5508545924674,0,44411.91,31,0
3638,74,13262.23,0.1,0,605.4777766987373,1,41543.06,32,0
3639,19,815.7,0.4,2,792.4037843838748,0,10292.61,23,0
3640,27,2250.67,0.6,1,691.2659137551725,0,12363.36,41,0
3641,51,2842.69,0.2,2,553.6242305200481,1,3722.32,50,0
3642,33,8495.65,3.2,4,505.504372922025,1,11399.85,46,0
3643,65,668.45,5.4,1,700.2192653803254,1,17502.7,45,0
3644,68,4156.3,1.4,5,546.6641042779645,0,1926.95,59,0
3645,56,1462.2,6.2,3,621.6740087864976,0,16090.65,43,0
3646,39,4925.05,0.7,0,463.0223510740884,1,38691.52,41,0
3647,29,1443.11,1.2,1,656.92578552242,1,42096.22,22,0
3648,41,10486.51,0.5,1,648.8695145747479,0,939.23,24,0
3649,64,1449.86,2.9,1,475.83799383418284,1,853.78,31,1
3650,57,415.89,1.6,3,703.162311287164,1,7742.2,48,0
3651,55,1585.92,2.9,0,655.4745808242782,2,43692.56,6,0
3652,27,2418.64,4.3,0,674.0024252780098,0,23729.26,5,0
3653,52,7086.05,2.4,1,562.132130724987,2,49153.65,11,0
3654,68,1089.28,3.0,3,617.8956411286442,1,44422.91,7,0
3655,66,1106.64,8.2,5,606.3378868865325,0,44561.34,58,0
3656,49,6428.28,1.1,3,585.182959524577,0,6859.58,5,0
3657,24,992.1,1.3,2,617.0503278165846,3,24023.85,27,0
3658,38,2583.27,3.8,1,725.6442973796383,1,49682.73,34,0
3659,37,2625.64,2.8,5,707.4950638703926,0,7877.69,35,0
3660,43,3547.73,0.6,0,481.81393225311433,1,28924.56,20,0
3661,21,1636.18,1.4,2,698.540181690694,0,17541.86,47,0
3662,63,1419.99,1.9,2,719.1143372748036,2,19698.98,38,1
3663,69,3896.82,1.6,4,584.8822326647634,2,44594.23,52,1
3664,39,1455.64,0.6,4,650.8447103797777,0,29601.18,43,0
3665,32,1004.28,7.7,1,649.4001667303017,0,38059.43,31,0
3666,73,7960.44,4.3,4,515.0033383325699,0,33825.1,41,0
3667,57,4404.92,2.0,0,561.8043712471672,1,26686.28,49,0
3668,38,12258.83,3.4,2,675.0810238851607,2,39689.7,47,0
3669,32,5581.28,6.8,3,550.4177763168549,0,48551.28,4,0
3670,39,1080.83,0.4,2,697.5499559262307,0,48357.57,13,0
3671,69,3219.87,0.9,3,730.4972440849762,0,39577.87,33,0
3672,45,1322.79,2.3,2,714.3671841980471,0,24622.82,6,0
3673,31,795.29,4.8,4,797.9804603169457,0,8576.37,31,0
3674,44,2084.41,0.1,3,590.9267717708888,0,2701.29,56,1
3675,58,6536.95,12.4,3,617.7201073969063,0,11956.53,52,0
3676,57,3714.24,1.8,2,632.066304776264,1,17342.77,59,0
3677,45,979.74,1.3,1,593.9602075009261,0,6927.56,5,0
3678,43,2026.62,1.0,7,654.2178974101645,1,11625.88,4,0
3679,66,2659.0,0.6,1,428.8795970988011,0,4635.5,46,1
3680,19,771.79,4.7,0,620.490538869252,1,26422.01,38,0
3681,42,5273.97,9.3,0,462.2563350117104,0,6752.75,16,0
3682,73,2482.48,1.6,2,503.7376722392422,0,37267.05,50,0
3683,20,979.97,9.1,0,673.2889811029913,0,16966.16,55,0
3684,25,936.6,5.2,3,580.088376155098,0,33767.1,6,0
3685,61,7190.61,2.0,1,669.7614474715806,1,44184.71,46,0
3686,50,2198.1,3.4,2,577.922339639887,0,4757.82,32,0
3687,59,7725.5,1.7,1,710.6406316391156,3,49455.54,21,0
3688,69,10485.25,2.5,2,576.0919294378697,0,32439.55,21,0
3689,52,6754.46,0.2,2,404.5081510436877,0,3141.61,46,0
3690,23,1945.46,3.6,4,622.539258201127,2,16043.11,33,0
3691,56,404.12,0.2,1,383.1140154297449,0,44369.13,17,1
3692,69,3829.15,5.1,2,454.7279097467592,0,30013.56,31,0
3693,40,15887.07,5.2,2,511.705347100143,0,14717.51,5,1
3694,42,2897.74,0.8,3,499.2290522229813,1,47054.48,21,0
3695,67,606.77,1.2,0,545.4949195583715,0,39469.0,24,1
3696,60,1737.32,2.0,3,495.7932176468894,1,36909.16,49,0
3697,36,2573.48,2.7,3,459.4047336414327,0,44477.14,22,0
3698,22,1238.44,1.0,1,754.1835744840774,0,38604.11,57,0
3699,68,383.31,2.7,2,532.1855453608105,0,14693.55,9,1
3700,28,2756.51,1.1,1,376.92323468526024,0,29402.36,6,1
3701,73,1590.97,0.2,0,563.9081626990743,0,42193.17,3,1
3702,29,12309.83,0.0,3,487.5268941972446,0,9451.98,43,1
3703,27,3231.9,0.3,3,511.5032372707186,0,8569.65,9,0
3704,25,4340.15,4.7,0,671.0342481352485,0,8369.32,24,0
3705,41,2710.07,9.8,2,555.1842381214782,1,10115.64,39,0
3706,45,3213.08,1.7,2,484.74033987821144,0,5609.93,59,0
3707,58,794.86,2.2,5,644.6253509957245,0,41962.64,32,0
3708,53,1297.07,0.5,2,714.9940830609086,0,41006.75,11,1
3709,54,7121.63,2.4,0,653.6872162639845,0,7992.77,29,0
3710,38,3524.77,0.5,0,354.64444283495743,1,35424.09,40,1
3711,25,2167.21,2.8,2,488.5010497602986,1,31535.29,58,1
3712,72,4398.14,8.1,2,604.7448530636206,2,14171.62,25,0
3713,26,4467.97,0.7,2,575.5700594735985,0,11754.74,14,0
3714,64,14657.62,4.3,3,567.2724846060803,0,12904.0,15,0
3715,32,3396.34,0.1,1,501.7243307159166,1,36666.22,35,1
3716,65,1274.1,1.4,1,459.441591692256,1,16306.19,17,0
3717,63,2717.43,0.4,2,800.778171781302,0,14258.98,18,0
3718,57,4846.7,1.3,1,602.7110953138912,0,1612.81,36,0
3719,35,6611.24,0.6,2,664.2121788867418,0,45457.71,11,1
3720,59,818.91,1.4,4,600.6251173583809,1,37758.86,44,0
3721,37,3651.76,1.6,4,604.6348698637989,0,23902.79,54,0
3722,23,1454.18,1.1,1,593.7896600190712,0,47174.88,29,0
3723,29,1894.47,3.2,3,487.9554140925568,0,15029.84,50,0
3724,19,5864.5,7.5,1,448.55105419657525,0,33897.9,17,1
3725,24,5415.38,1.5,2,638.6225373744987,1,15604.94,37,1
3726,33,1732.77,0.6,2,618.7842407271166,1,16071.34,36,1
3727,20,2627.34,0.9,3,693.8280898459707,1,42313.1,42,1
3728,62,1941.34,5.8,1,673.5360826642027,1,39457.59,32,1
3729,20,30132.58,2.5,2,519.1487807250329,0,15058.32,50,0
3730,44,3724.49,1.8,2,713.2591308921872,0,4528.78,25,1
3731,67,1522.97,0.5,2,676.5027195154518,0,18200.41,11,1
3732,60,8584.67,1.8,1,669.0841569857336,0,38122.85,34,0
3733,57,8830.52,1.0,0,824.9326791978808,0,5476.95,37,0
3734,55,12498.16,8.6,1,804.3958762508188,1,33768.99,51,1
3735,50,15841.6,6.5,2,668.9913766554886,0,44543.28,34,0
3736,45,5250.99,0.3,1,656.5197205837529,1,9371.74,47,0
3737,18,2253.23,2.2,3,708.165518176968,0,43179.11,18,0
3738,72,2534.89,0.8,1,541.6046230329629,1,3042.51,34,0
3739,25,2359.82,1.6,4,543.017074240895,0,33510.57,27,0
3740,54,2158.13,6.3,2,667.3421407091913,0,39656.43,32,1
3741,49,8038.11,2.2,2,514.3523910872427,0,22515.92,39,1
3742,65,2982.68,1.2,0,659.2769485523255,0,10584.57,39,0
3743,60,6484.29,0.7,2,615.683216653619,0,46274.11,37,0
3744,54,5121.55,4.8,6,514.3809895407882,0,1488.46,47,1
3745,21,1237.78,2.9,2,602.5866510288299,0,27976.03,10,0
3746,47,754.65,1.9,2,730.5081592138416,1,18956.05,42,0
3747,23,1108.4,0.7,0,608.2370450653838,1,23322.33,51,0
3748,63,2118.86,1.2,4,608.6547647617978,1,27059.97,49,0
3749,71,3319.14,9.6,1,632.8985278904596,0,26970.06,38,0
3750,36,1774.65,2.2,1,645.9188522891609,0,10579.37,56,0
3751,49,5231.49,1.5,3,566.9159533918807,1,34145.26,27,0
3752,26,1954.43,2.2,2,635.0261047967048,0,1447.84,20,1
3753,29,3661.27,4.5,4,495.0929640409267,0,1548.61,41,0
3754,28,3274.97,1.2,1,520.0928943166111,0,24185.12,12,0
3755,63,11938.77,0.6,1,532.8850891924377,1,27324.19,3,0
3756,72,1366.23,2.6,4,646.9762689634108,0,14107.03,6,1
3757,33,17443.73,3.3,4,616.0232827556277,0,27807.94,28,0
3758,18,1852.92,3.7,5,586.5640422756047,0,26047.41,13,0
3759,62,1020.4,6.4,1,669.0769989585286,1,17786.42,17,0
3760,72,2506.06,1.4,0,637.8862082742336,0,32762.84,34,0
3761,70,39819.47,0.2,4,571.0023220017129,0,47917.89,17,0
3762,38,6100.73,9.5,2,496.4769157180188,0,24794.73,30,0
3763,47,4828.89,1.7,1,518.0291198773248,1,39409.51,25,0
3764,30,5631.6,2.9,4,453.31905346071085,1,12756.03,5,0
3765,51,1610.54,3.3,0,614.0569550150826,1,38216.55,53,0
3766,21,3869.33,2.4,3,513.7861217546329,1,32620.84,34,1
3767,45,2986.93,0.7,1,550.467701801613,1,32165.04,22,0
3768,55,12673.31,4.2,2,587.2409319371136,0,44705.25,58,0
3769,48,2732.71,4.9,1,704.3995191330686,0,12050.84,16,0
3770,72,2202.57,2.4,4,692.879059831682,1,18738.28,37,0
3771,44,1173.99,2.0,1,594.5291528746026,1,4611.84,42,0
3772,22,3334.28,0.4,4,726.55034894003,0,36442.94,44,0
3773,42,3768.23,0.3,0,398.7651490679139,0,42271.43,11,1
3774,20,1139.94,1.2,3,787.7220549766513,0,20588.76,58,0
3775,50,4283.52,1.1,1,669.2499714304585,0,18162.93,49,0
3776,21,3592.28,9.2,2,610.2803285019929,0,33103.27,26,0
3777,42,6705.99,4.6,0,510.8640319247937,2,4241.73,43,0
3778,37,7862.77,3.2,1,556.1932633869536,0,15045.17,6,1
3779,51,3214.49,2.2,2,660.9350895578041,1,18627.53,14,0
3780,43,1301.03,0.5,1,663.2079383531413,1,26170.22,53,0
3781,22,1533.8,11.5,1,666.8393370590787,1,24090.18,26,1
3782,52,12206.23,1.4,1,527.1503265633539,1,10829.68,3,0
3783,45,3402.93,0.3,2,507.015228698479,0,27269.0,16,0
3784,46,12051.24,2.0,1,619.5205244352506,0,46330.5,33,0
3785,26,4442.11,6.2,0,676.9853957771473,0,1840.85,12,0
3786,69,5447.92,6.5,3,600.3184849504859,0,34175.18,35,1
3787,55,6316.87,0.0,2,748.1484246885167,1,31423.1,38,0
3788,67,1120.45,6.5,1,603.3137462190111,0,46259.13,44,0
3789,23,3810.67,1.0,2,599.9291356167014,0,32444.57,37,0
3790,36,1108.1,0.1,1,667.0559991192669,1,31429.71,50,0
3791,61,2373.38,5.6,2,721.9230137592039,3,38605.38,20,0
3792,74,4974.78,6.0,0,465.0744740195455,0,13756.39,27,0
3793,28,1312.56,2.7,3,488.19882919644016,0,29988.75,14,0
3794,19,4663.26,2.6,2,568.6738562255962,0,26211.34,30,0
3795,64,899.02,5.0,1,850.0,1,22204.39,55,0
3796,61,7440.22,4.6,3,573.8531437459068,0,4434.61,53,0
3797,61,1751.89,6.6,3,587.8217056989431,1,14985.13,11,0
3798,26,1310.69,2.4,2,661.8351929807918,1,14359.09,26,0
3799,38,945.5,10.3,2,697.6928902813474,2,36350.42,22,0
3800,41,1875.29,16.7,2,616.9785116454756,1,46072.48,28,0
3801,51,648.01,0.4,2,716.4347495040256,1,11923.97,7,1
3802,39,1922.31,5.7,3,480.602881697408,0,4193.88,29,0
3803,20,7183.84,2.1,2,523.3911575257275,0,49997.87,30,1
3804,29,2563.25,1.5,1,716.2486950579639,0,34714.66,39,0
3805,45,1162.1,2.8,2,601.0943114783474,0,44380.31,42,0
3806,47,3572.46,0.2,3,473.7549394991335,0,7622.03,9,1
3807,43,3328.63,2.1,2,467.74620683827925,1,40138.02,21,0
3808,65,14261.06,6.1,2,518.9059194655296,0,40759.53,56,0
3809,38,5611.52,0.7,2,600.2125542157917,0,7998.7,24,0
3810,45,3806.55,1.7,3,646.7379569726788,0,8489.51,20,0
3811,73,6149.05,8.4,2,567.094000005586,0,15124.84,17,0
3812,43,2677.12,1.7,4,638.4999189239519,0,11230.98,35,0
3813,50,2806.43,1.3,2,556.2933513306385,3,48782.79,41,0
3814,38,11239.08,1.7,1,722.3920201616918,3,18465.72,53,0
3815,52,805.56,2.2,2,850.0,0,38184.67,7,0
3816,69,6466.28,3.0,2,560.7387267915576,0,40350.01,42,0
3817,51,2728.12,4.8,2,647.9932810798946,1,19604.07,39,1
3818,58,2360.92,1.8,2,639.8410824150112,0,34287.98,7,0
3819,68,1915.4,5.1,3,613.8695426259925,0,5836.11,39,0
3820,64,3370.91,2.3,1,665.3250945341291,2,20149.62,45,1
3821,35,2878.94,1.2,3,647.8821188979828,1,48381.88,9,0
3822,28,2139.31,3.2,3,552.8946429615105,0,8842.27,4,0
3823,74,1699.13,3.8,3,731.6545772622687,2,19592.71,32,0
3824,40,649.2,2.4,2,620.1666247486776,0,39630.81,51,0
3825,65,1670.63,0.2,3,561.5199580169636,0,33438.45,13,1
3826,39,1978.64,0.6,2,844.3202523847401,0,31760.17,54,0
3827,34,3364.33,1.0,3,588.37866228444,0,42736.24,39,0
3828,22,14335.13,1.0,1,625.4943841423749,0,1940.15,41,0
3829,61,1821.17,3.4,1,617.5440344580337,2,38672.64,35,0
3830,28,1314.24,0.1,2,587.0105389048792,0,44186.18,11,1
3831,47,1683.12,4.2,2,644.8664705044016,1,1300.64,13,0
3832,32,3370.03,0.9,3,515.5000090908375,1,28168.67,14,0
3833,44,4773.85,1.1,3,659.6543386523058,0,17755.13,12,0
3834,52,5338.37,2.3,3,424.164597160757,0,3012.75,54,0
3835,50,5780.04,0.7,2,470.19302487428706,0,21178.53,56,0
3836,37,6472.93,6.5,1,782.5724547168516,0,32379.49,13,0
3837,33,2384.85,0.3,2,474.38199732782135,1,45991.17,35,1
3838,51,15406.0,1.8,2,404.00411479631396,2,31216.26,59,1
3839,19,2244.38,5.7,3,476.85838309338124,0,42908.78,22,0
3840,52,3253.45,2.9,1,774.0057269196734,1,6517.79,7,0
3841,57,8405.67,1.0,2,420.8138259727285,1,10920.8,49,0
3842,73,4689.78,1.6,1,504.4185817408449,2,48529.5,26,1
3843,45,496.37,3.7,3,454.1807515683013,0,44426.33,34,0
3844,64,2994.43,10.9,1,572.5870802909991,0,12143.73,56,0
3845,56,5940.64,6.7,1,556.3979101819264,0,31238.21,33,0
3846,23,1017.62,1.3,6,551.9243493272967,1,18450.32,44,1
3847,26,5434.67,19.0,2,785.6133799405136,0,23695.63,46,0
3848,37,4072.95,0.0,1,480.09246823624517,2,43113.47,16,1
3849,18,7685.85,0.1,2,589.7812220282889,1,36917.77,21,0
3850,25,1713.78,5.2,2,633.8601246320734,1,12302.91,44,0
3851,72,6612.48,0.7,0,501.9790737927856,2,16141.66,26,1
3852,40,3386.96,0.2,3,648.6589981246602,0,14840.67,56,1
3853,20,12244.6,0.8,2,560.0189505446692,0,39142.81,34,0
3854,21,27690.37,1.7,4,637.4309066189855,2,24759.38,14,0
3855,42,10205.32,3.9,3,589.2000748474347,3,47560.85,52,0
3856,64,4378.3,2.9,3,394.94687744336954,0,40926.02,23,0
3857,55,19087.77,0.8,1,730.6098712765742,1,10954.12,53,0
3858,32,4830.87,2.1,1,807.0458315354072,1,39404.17,38,0
3859,38,1441.79,7.8,5,582.3245818065186,0,25550.93,27,0
3860,52,2888.76,5.1,1,510.2047948133396,0,13058.65,53,0
3861,74,5482.62,1.2,1,750.6012721175688,1,18484.92,55,0
3862,70,5771.94,12.1,3,789.0382902867472,1,48620.24,16,1
3863,70,1211.71,3.7,2,583.1204588410003,0,24456.09,10,0
3864,63,1242.86,0.2,6,578.1319384779486,0,36120.49,31,0
3865,69,2268.68,0.1,1,592.00889023285,0,24115.72,27,0
3866,31,4571.67,0.6,4,432.54511107546955,0,18892.09,25,0
3867,53,5064.7,3.9,1,570.8874121306773,0,39922.79,38,0
3868,29,3337.72,0.6,2,771.4941887549245,0,42492.06,59,1
3869,34,1529.13,2.1,1,583.131133922944,0,4058.51,50,0
3870,56,11962.77,0.3,4,495.9965472127795,0,14309.39,14,0
3871,26,1264.4,7.6,0,649.668561930448,1,25639.62,52,1
3872,52,8449.58,1.3,1,533.2801201505888,0,16166.64,14,0
3873,30,5383.31,7.2,2,593.3547876332073,0,39287.36,20,0
3874,32,8302.12,8.7,0,473.1151219452721,0,6179.3,38,1
3875,35,2089.03,0.0,1,496.33758388132685,0,39991.02,50,0
3876,68,2659.46,1.9,0,673.7659254863593,2,31085.38,52,0
3877,50,3115.15,0.1,2,611.5866779401088,0,14823.7,21,0
3878,23,2036.28,7.2,2,522.3942613157184,0,17550.51,50,1
3879,44,3569.59,2.2,3,611.9535130304903,0,9553.51,55,0
3880,40,10543.57,0.2,2,539.285329127274,0,13002.38,37,0
3881,44,1056.31,0.4,0,521.623983062983,0,36004.81,51,0
3882,51,1762.05,1.5,1,716.4034397248306,1,19106.26,29,0
3883,73,1615.51,8.5,1,678.2877553188772,0,34530.46,5,1
3884,63,2764.09,3.5,4,597.8727150368906,1,25948.32,15,1
3885,55,2674.66,6.1,0,614.4337337249704,0,7692.24,40,0
3886,31,5529.49,1.4,2,599.1601982665657,1,25204.0,53,0
3887,53,3062.47,0.1,0,648.7009259173539,1,37945.26,43,0
3888,70,3798.29,11.0,1,520.0498341544305,0,15234.94,21,0
3889,25,4100.07,0.1,1,686.2504733368643,1,32580.04,45,0
3890,52,3627.59,8.8,2,635.3565837890812,0,10352.12,37,0
3891,36,5232.53,1.4,3,573.6943662110448,0,7217.1,17,0
3892,47,2703.06,0.0,1,551.2221968491458,1,18331.19,18,0
3893,31,11126.61,3.5,2,684.1130941766809,0,19765.58,37,0
3894,37,22772.2,11.8,1,584.9513683849893,1,38169.98,7,0
3895,66,5244.76,10.1,0,530.1106904170163,1,23273.9,9,0
3896,42,3577.4,0.5,2,561.5430233025677,1,4521.13,23,0
3897,57,4913.13,0.6,5,676.9204648889161,1,31882.98,43,0
3898,41,1235.43,2.5,3,438.944679875396,0,23728.04,56,1
3899,31,3442.95,3.0,2,564.4591094419527,2,16916.34,3,0
3900,43,1660.61,4.0,3,707.0582669675764,0,40209.83,27,0
3901,55,4482.7,0.6,0,583.1783227896742,0,8142.05,32,0
3902,40,1667.22,9.6,3,627.2816732277842,0,45704.01,21,0
3903,39,2262.39,3.1,0,708.6768964537195,0,17036.04,26,0
3904,65,666.76,5.6,2,689.232965339717,0,23316.6,48,0
3905,74,1166.08,2.3,0,555.9941226960078,0,46497.03,17,0
3906,36,3959.6,1.6,2,586.9606447796164,0,38181.37,37,0
3907,63,1487.61,11.3,2,690.4763901729013,0,4177.97,26,0
3908,68,6981.5,2.6,5,693.9469487283899,1,29125.69,38,0
3909,20,1389.76,6.0,1,591.1949874685059,1,15862.96,51,1
3910,59,4283.83,9.2,3,594.6454347707573,0,25670.17,16,0
3911,36,1620.52,3.4,0,626.7683694533852,0,37276.97,24,0
3912,26,4057.72,2.4,0,736.6900690017293,0,25060.56,41,0
3913,45,873.2,0.0,2,706.7566120657956,0,4015.58,10,0
3914,37,2074.45,0.1,4,669.3386703799018,0,26734.04,50,1
3915,62,1514.79,0.7,0,492.13307239361086,0,1694.42,56,0
3916,24,6042.58,0.6,0,572.5166593451743,1,17746.26,18,0
3917,31,4314.82,0.9,1,577.7713326310097,1,24162.51,48,1
3918,26,1112.03,1.1,2,741.8485032603473,0,32411.34,19,0
3919,72,2533.75,1.3,2,576.1135608820363,0,25557.24,7,1
3920,74,1607.03,1.6,0,725.3442823077613,0,8021.37,43,0
3921,36,6375.42,0.3,1,542.9301329468916,1,46644.77,37,1
3922,64,8243.82,0.1,3,550.9116042339241,0,32689.83,55,1
3923,69,940.76,3.4,2,648.1454105813141,0,16189.91,56,0
3924,31,5775.4,2.3,4,756.8146705571758,0,48314.01,39,1
3925,73,1542.81,1.8,1,578.8222870732122,1,44187.59,54,0
3926,55,2434.91,3.0,3,343.7232138138802,1,7602.76,20,0
3927,70,3058.88,5.3,1,443.58165976611133,0,32943.74,23,0
3928,53,12749.98,1.7,3,629.7961556164456,0,28223.44,44,0
3929,57,1335.31,3.1,1,452.5203973218232,1,10044.04,3,0
3930,34,5812.7,9.2,1,513.4437173603587,3,12057.02,19,1
3931,47,1167.71,5.5,1,601.2341950638257,0,28406.8,10,1
3932,26,1104.92,1.7,3,355.06327542535394,2,16403.77,31,0
3933,50,3049.62,3.1,2,562.0274210674545,0,41824.16,22,0
3934,73,3033.23,0.6,2,483.51914421397305,1,5338.09,51,1
3935,69,309.25,2.5,2,450.08202820992494,0,45744.52,52,0
3936,42,7537.74,11.9,1,519.781556078194,1,42107.35,39,0
3937,31,538.46,2.2,4,493.0791074930569,1,37061.86,41,1
3938,28,2652.48,7.9,4,646.9480217992303,0,13497.08,7,0
3939,70,8622.17,1.6,0,719.6526786682883,0,35890.41,12,0
3940,52,17454.4,20.3,2,563.5573148388937,0,22219.1,8,0
3941,58,2229.56,2.6,2,540.3874220953164,0,31871.02,9,1
3942,31,947.32,0.1,4,558.5794998842101,0,15971.44,37,0
3943,47,8370.25,2.7,4,489.1812892061538,1,41874.96,29,0
3944,58,5955.83,1.0,1,471.1258104380322,1,2508.52,44,0
3945,21,2015.87,0.1,3,435.44455471066624,1,34727.26,23,1
3946,21,1821.49,5.2,2,467.04790416818264,0,41517.25,26,0
3947,45,1679.22,1.0,3,763.1991007112629,1,32498.19,31,0
3948,25,2262.74,4.8,0,530.9578964636542,1,10003.59,29,1
3949,19,3838.57,1.0,2,305.83715282362374,1,14606.55,40,0
3950,58,1895.41,0.6,2,541.2943061518993,0,25987.81,4,0
3951,63,2097.15,10.9,4,440.95854632391786,0,16807.73,27,0
3952,39,4979.19,1.3,0,605.9484939997163,0,743.36,4,0
3953,58,910.57,2.8,3,595.1646344762995,0,2513.57,40,0
3954,73,2206.7,2.8,6,605.5885637692055,0,38504.54,20,0
3955,72,779.96,2.5,1,595.9273921254816,0,4643.51,44,0
3956,33,3251.04,7.4,3,562.7289695380251,2,46437.08,9,0
3957,46,631.74,3.4,1,454.41038784600136,0,22415.45,51,1
3958,66,6075.43,1.6,3,592.5345928028576,0,38030.24,6,0
3959,65,1041.37,5.9,1,701.8924589135694,1,6712.48,46,0
3960,47,721.94,0.6,3,781.3673083795204,1,46362.12,42,1
3961,29,2228.56,2.4,2,576.2008672693994,0,2173.54,43,0
3962,52,11718.05,9.0,4,587.0390054716314,0,2585.79,12,0
3963,28,5265.62,2.9,2,650.0427179088894,0,3202.0,53,0
3964,63,640.44,5.1,2,749.3241559472104,0,5618.7,43,0
3965,67,1017.9,3.2,1,551.3703389495453,1,24598.17,30,1
3966,38,2172.25,5.5,0,669.2651316950338,0,39519.68,32,0
3967,38,17866.5,8.7,1,517.7180734475611,1,14604.92,26,1
3968,22,1406.47,1.0,3,632.9848990265502,0,37415.95,38,1
3969,65,1415.58,0.6,1,697.060417661837,1,38816.02,18,1
3970,37,10116.71,2.0,3,470.91393934522034,0,45459.73,35,0
3971,54,3483.96,3.6,2,547.4855277981782,1,7892.92,12,0
3972,20,6921.58,0.8,2,695.4783096695002,0,7208.96,50,1
3973,61,1666.23,0.0,3,661.6161230514795,0,6543.71,23,1
3974,50,2748.17,1.3,3,703.5946140314855,0,18285.88,29,0
3975,70,8539.91,10.4,3,684.8439646454067,2,24725.93,57,0
3976,26,2654.81,3.6,0,565.8896472083294,0,23349.66,23,0
3977,26,7320.56,1.5,1,819.9190148394691,2,13223.91,29,0
3978,21,4063.56,0.6,0,613.6909990753395,0,31287.99,34,0
3979,52,1297.63,1.3,2,300.0,1,17244.54,7,0
3980,34,2942.3,0.6,1,571.76536276227,0,18621.11,55,0
3981,51,6536.17,0.3,5,553.0828743000671,1,5723.74,37,1
3982,41,5092.54,7.1,3,679.5249167367278,0,29815.45,24,0
3983,49,2886.49,18.2,2,554.881468480187,0,32936.38,38,1
3984,18,656.31,0.5,2,709.8969995819137,0,38018.54,12,0
3985,25,708.54,0.2,1,655.8099372406708,1,45248.46,36,0
3986,62,839.96,1.2,1,499.990953852994,0,38417.22,54,1
3987,40,1981.57,1.9,1,585.9626664388575,1,12169.31,56,0
3988,64,2204.61,0.7,0,522.4466555724599,2,12164.93,8,1
3989,57,915.68,1.1,3,618.475864685367,0,45796.82,16,0
3990,29,6754.81,0.7,5,521.8509132764879,1,39611.61,59,1
3991,71,1084.62,4.5,1,607.4435230509062,0,39221.2,58,0
3992,29,995.81,3.7,3,572.7694249009588,1,36125.83,39,0
3993,63,3198.98,3.0,2,584.7776745320176,0,13726.5,21,0
3994,64,6497.18,1.5,2,805.0940379798099,1,42446.81,34,0
3995,32,15427.14,7.2,0,563.9514773292796,0,7572.79,22,0
3996,58,4750.65,10.5,0,406.55669123828096,0,17825.87,23,1
3997,36,10549.82,0.6,1,701.5826144734348,0,17650.49,17,1
3998,43,1130.43,0.8,3,700.7955901802009,1,28226.54,19,0
3999,69,16777.46,2.2,3,402.1059826203174,0,23440.46,46,0
4000,46,672.37,0.3,2,529.9100378791933,1,23260.5,59,0
4001,39,1992.07,1.7,2,643.5810556846523,1,27901.84,47,0
4002,57,4668.17,2.6,1,652.4203261217067,1,21063.21,54,0
4003,38,825.37,2.2,3,599.5276236547279,1,12874.17,26,1
4004,68,1419.93,1.2,2,601.7825378933285,2,33373.98,23,0
4005,55,1250.45,2.3,1,506.1412126916815,1,39636.35,50,0
4006,37,2325.81,9.6,1,360.0151286544313,0,24210.3,17,0
4007,74,9295.32,0.7,2,804.9507318183537,0,32649.42,13,0
4008,46,3021.35,3.2,5,503.13327222932855,0,27000.48,39,1
4009,68,2058.12,0.1,2,617.6505690064482,0,3420.32,32,0
4010,21,296.65,0.2,2,584.1152004340664,1,21442.69,20,0
4011,72,4330.35,2.4,2,689.7197552273547,0,987.7,58,0
4012,24,5608.35,0.3,5,611.4897213482159,0,33263.02,30,0
4013,45,765.08,0.1,0,615.3440953092,0,25653.99,15,1
4014,45,2825.45,0.6,1,336.5681751991071,0,6778.16,45,0
4015,21,3478.67,2.5,1,516.6660927457747,2,27338.48,12,0
4016,39,6449.01,3.6,0,674.4633046598997,0,44972.09,49,1
4017,29,1669.34,0.7,3,665.4668225071929,1,17354.29,41,0
4018,62,1479.87,3.3,1,504.83471763827885,0,49127.25,14,1
4019,20,2068.96,0.6,3,442.1971417278878,0,47989.31,52,1
4020,39,8329.42,2.9,1,612.6579306722931,0,39372.84,40,0
4021,61,6871.08,1.6,2,309.3225951204185,0,40783.1,43,0
4022,19,2930.49,3.2,1,485.13257476622374,0,20822.0,50,0
4023,41,6740.04,15.9,5,776.0161075155311,2,20425.78,42,1
4024,51,448.11,8.3,1,744.5067328873769,2,47742.67,28,0
4025,44,5615.71,0.0,5,648.7249358765146,2,18626.71,46,0
4026,72,1218.03,6.5,0,630.7336314481256,0,5295.21,21,0
4027,58,12254.15,0.2,2,404.98292154756007,1,8058.7,25,0
4028,18,1272.33,9.2,1,525.9332763350883,2,35664.75,50,0
4029,25,1506.87,1.0,2,570.4831402034224,0,19457.56,38,0
4030,40,4674.79,1.4,1,528.0586250498811,0,10367.47,29,0
4031,55,5050.1,0.3,2,564.9756665092136,0,40782.41,54,1
4032,23,2085.86,0.4,2,729.9224424346294,0,24689.34,18,0
4033,39,4012.31,3.9,1,545.8176938728677,0,28598.24,9,0
4034,42,4430.66,8.7,2,565.9060819443234,0,8120.49,15,0
4035,35,4082.61,2.8,5,673.9531286683751,0,10041.33,57,0
4036,34,2156.75,3.8,6,458.05242813971967,0,6729.87,14,0
4037,29,4465.64,4.3,2,515.9795421161153,2,25969.87,29,0
4038,23,9182.88,0.9,3,526.2277412243158,0,38895.02,35,0
4039,43,1118.35,0.1,2,605.5592146551747,1,36748.12,33,0
4040,44,1522.26,0.0,4,565.5037932506334,0,13430.93,13,0
4041,25,3046.67,1.3,4,568.6659090652867,0,42651.73,19,0
4042,36,1280.52,0.8,2,533.5146012897505,0,5730.21,40,1
4043,59,704.35,0.2,1,492.91697397852454,0,6145.47,4,0
4044,18,7147.36,0.6,2,660.9142924210578,0,42540.56,5,0
4045,74,501.18,0.4,2,566.2195881037745,0,12598.77,36,0
4046,46,2160.5,7.4,1,661.9018980147373,0,35551.73,52,0
4047,62,5470.66,0.5,4,488.8372669518852,0,949.44,34,0
4048,66,3689.92,2.3,2,533.4757842250358,1,5133.25,26,0
4049,52,2186.81,2.7,0,577.8816972153234,0,30659.79,26,0
4050,57,1238.99,2.4,3,587.213296318379,1,9529.59,15,0
4051,31,3924.89,0.3,1,675.436872593221,0,1896.58,24,0
4052,52,1351.92,1.2,4,556.9490710407641,0,23613.86,21,0
4053,65,3687.66,0.2,2,674.6742242810875,1,16860.76,55,0
4054,62,3336.69,1.5,4,637.4944008559695,0,40211.72,32,0
4055,37,3363.8,0.6,5,589.3147389917051,0,41032.04,41,0
4056,73,1786.02,2.5,2,504.87012035034803,0,30913.94,23,0
4057,66,15184.15,3.5,0,675.687526546332,1,15005.17,50,0
4058,30,3970.17,2.3,4,507.3662532686349,0,23350.52,25,0
4059,55,2385.19,1.7,1,597.8719619842722,0,35261.67,18,1
4060,66,3682.76,1.5,3,594.605955706392,0,3930.77,44,0
4061,63,1604.28,5.5,3,579.2904857382717,0,16958.61,9,1
4062,66,2188.47,0.7,1,561.0680277014685,1,41207.3,22,1
4063,25,20201.98,4.0,4,517.7923305038329,0,20598.41,50,0
4064,60,1613.39,4.3,3,438.30635626299215,1,31421.07,44,1
4065,37,2801.14,1.6,1,740.3804732840351,1,5268.55,16,0
4066,50,2069.61,1.1,1,550.827653574275,0,38963.78,28,0
4067,43,1297.63,1.9,4,587.1887904882531,2,5473.04,24,0
4068,56,4174.99,0.3,0,586.5772616066059,1,43145.5,43,0
4069,38,3069.22,0.1,2,709.5604337228748,1,5776.75,38,0
4070,70,6178.44,0.4,1,793.319422151764,0,44599.19,28,0
4071,66,5701.37,0.6,1,615.9847419588687,0,18506.61,14,0
4072,59,6127.65,2.1,3,584.2997331543082,1,31414.27,51,0
4073,60,1430.01,5.7,4,487.65429928405877,1,42404.25,33,1
4074,71,4977.93,0.8,1,455.6411550587235,1,1006.95,42,1
4075,58,5075.69,8.2,2,422.6025070355899,0,13651.81,6,0
4076,26,1317.05,9.3,0,520.4155040476531,1,45462.75,42,1
4077,41,2310.24,9.6,2,390.91452026868853,0,19714.71,29,0
4078,54,929.93,5.5,2,707.8829953740112,0,35465.61,11,0
4079,66,5093.39,1.4,3,642.3096243993425,2,7430.6,14,0
4080,58,5074.68,0.2,1,574.835948531522,0,34079.39,31,0
4081,34,9360.84,2.5,1,710.938398076079,0,4121.47,30,0
4082,41,2482.35,2.5,2,492.8843922596725,1,36007.59,18,1
4083,38,4277.72,5.7,0,518.0018944635445,0,16528.35,10,0
4084,68,6569.47,16.6,1,406.6206719698255,0,23559.46,49,0
4085,56,1630.9,2.1,5,677.4353695020212,2,8729.88,51,0
4086,72,1444.08,1.3,2,518.9658713690726,0,31578.53,15,0
4087,58,1671.86,0.6,3,601.5695613275824,0,17209.6,16,1
4088,56,2254.23,0.0,3,700.2576400574677,0,19477.06,17,0
4089,30,1485.57,2.1,3,737.0850755499421,0,32783.55,11,1
4090,28,1730.45,2.4,2,597.0853648509429,3,9353.65,55,1
4091,63,6031.39,5.2,3,638.4237436271357,0,42674.44,58,0
4092,36,2759.83,2.1,2,509.6149753956339,1,37094.68,46,1
4093,28,3809.9,7.4,2,768.3373343007534,0,29097.64,34,1
4094,30,1918.74,3.0,3,583.3849439700634,0,6852.49,24,0
4095,63,1820.57,5.5,0,608.028495186812,2,34511.93,57,0
4096,62,3746.0,0.5,0,559.3146927736774,0,1395.92,53,0
4097,18,3297.27,5.8,3,719.9248998413757,2,40317.59,27,0
4098,57,5554.64,3.4,1,619.9593923083189,0,15537.99,43,0
4099,61,8444.53,0.6,2,676.0934577413624,0,6301.97,28,0
4100,36,1714.49,0.6,2,635.3958139978882,0,8642.2,47,0
4101,29,5936.93,7.8,4,577.9590616783995,1,48175.15,31,0
4102,25,1256.59,0.1,2,692.9468561299592,0,38804.61,20,0
4103,25,15662.47,1.9,1,634.5316194575381,0,12274.66,38,0
4104,70,1589.15,1.1,1,503.9020939152766,0,48191.58,22,0
4105,62,5179.71,3.3,0,501.07886161906197,0,7435.82,35,0
4106,29,1249.14,5.5,0,614.8826729031634,1,36809.6,22,0
4107,65,2639.45,1.3,0,690.7457902387628,0,33008.61,5,0
4108,50,10265.94,1.7,1,763.9420548506404,0,41163.1,45,1
4109,62,1549.73,12.0,0,422.27865424191975,2,19394.09,36,0
4110,43,17384.75,4.6,2,602.5659849098721,0,20390.86,8,0
4111,56,2968.4,6.8,1,648.9647662174997,0,31416.07,33,0
4112,45,6506.59,1.7,2,629.5669134994763,0,20211.18,37,0
4113,22,4114.84,0.8,4,700.9327105033709,0,2546.87,34,0
4114,25,4296.83,1.6,1,665.5533976491503,1,36620.55,44,1
4115,42,952.52,3.8,3,501.449981641966,1,32226.83,59,0
4116,44,2042.07,0.3,2,498.5208311309269,0,21473.78,11,1
4117,63,7760.34,0.9,4,631.2454856151725,0,15490.06,48,0
4118,40,2263.22,0.1,4,699.0505424422525,0,16375.93,50,0
4119,47,3331.13,1.7,4,614.3417552952695,0,37180.92,29,0
4120,62,864.42,5.3,2,442.2066930431722,1,36593.46,26,1
4121,64,1939.02,0.1,3,495.28285846837275,0,41036.46,58,0
4122,40,7320.48,3.4,2,669.1515855865331,2,38227.93,52,0
4123,66,1068.38,8.1,0,565.1354909082868,1,38018.24,24,0
4124,64,5290.47,0.8,2,611.7957303203287,0,12962.78,32,0
4125,37,3436.55,3.5,2,706.5418039151757,0,5529.82,38,0
4126,35,2468.18,11.1,4,479.77909523800446,1,38206.74,28,1
4127,35,2382.87,9.8,3,558.5757344098046,0,5381.59,52,0
4128,19,2012.59,0.8,0,547.7127186626057,0,49114.51,4,1
4129,21,2161.21,0.3,1,635.5402536527866,0,43816.92,44,0
4130,47,6271.63,0.5,2,677.2888178271992,0,26906.35,46,0
4131,50,2109.83,3.6,3,451.97325431012183,0,17933.09,9,0
4132,53,12658.35,3.9,3,599.446364083373,0,26578.73,29,0
4133,35,3788.12,3.4,2,686.9329104046212,0,36847.94,18,0
4134,54,1879.93,1.2,1,414.5213548539165,0,37938.33,51,1
4135,36,6494.38,0.6,1,593.5607558560393,0,4146.47,48,0
4136,64,4910.43,2.6,2,478.4215559216772,1,40340.28,58,0
4137,45,793.66,2.0,3,535.8433096450467,1,32254.11,31,0
4138,57,1303.0,3.9,1,349.49654105184777,0,2508.69,23,0
4139,37,2718.03,1.7,1,739.2734118755027,1,16001.48,28,0
4140,66,839.76,1.2,0,564.4170872596487,0,25776.75,58,1
4141,50,15873.78,1.0,2,519.2808135964085,1,9828.35,20,1
4142,29,5754.78,0.7,5,632.8267045457151,0,8184.41,3,0
4143,68,2949.33,0.9,1,495.7689767312751,1,1206.92,4,1
4144,32,2266.14,0.3,2,486.2755471118706,1,45621.76,16,1
4145,58,1845.06,1.3,1,751.0329169813728,0,3277.34,40,0
4146,56,619.41,0.1,1,780.8663028326798,0,18617.57,17,1
4147,19,745.24,0.6,1,540.7936327717518,0,10685.7,38,0
4148,46,13641.84,4.1,2,706.735470991618,2,37181.14,26,1
4149,58,10497.37,1.2,2,635.6040443988086,1,35505.64,27,0
4150,27,1880.66,3.3,1,458.61687082896503,0,40408.01,11,1
4151,19,6163.5,3.8,0,507.1868106150215,1,31032.01,17,0
4152,68,4469.97,2.6,0,755.1099799196935,0,29786.83,39,0
4153,28,4911.97,9.6,4,457.32049671758233,0,20651.98,8,1
4154,30,953.23,0.1,3,828.0999338074859,0,31999.76,45,1
4155,27,701.67,4.0,3,542.8637824088221,0,6202.68,47,0
4156,31,7677.7,9.6,2,758.0814906293233,1,34383.39,14,0
4157,35,611.9,5.9,1,569.4436205357163,0,5642.94,29,0
4158,68,2647.7,0.6,3,679.9903591501152,0,43156.13,9,0
4159,71,2221.28,1.2,2,739.5033140120689,0,25531.3,30,0
4160,26,2062.92,0.6,2,738.995381768101,0,26752.67,54,0
4161,74,3833.6,2.8,3,541.563446920703,3,29450.45,14,0
4162,56,1733.55,3.7,2,514.2611900100874,1,38914.6,44,1
4163,45,4091.18,1.1,0,591.8787990248865,0,24184.3,37,0
4164,20,3337.32,2.3,3,469.9520378966022,0,21665.61,4,0
4165,37,15978.28,3.5,3,623.9264175610558,1,14772.51,28,0
4166,23,984.05,1.6,2,517.9203347722485,0,6837.95,22,0
4167,44,3051.58,5.8,4,708.2709773542915,0,9921.96,27,0
4168,70,4209.4,4.4,0,542.9887583781862,1,526.13,23,0
4169,19,2428.13,0.2,2,425.77410305199794,0,43536.37,3,1
4170,46,1022.84,2.9,2,740.0914776169296,1,38365.44,30,0
4171,55,8149.26,0.8,2,618.3368003331864,1,11324.78,55,0
4172,20,3903.18,2.4,3,602.9134890420073,0,618.31,40,0
4173,33,1081.91,9.4,0,709.439478494621,0,24859.76,15,0
4174,47,4234.14,6.3,0,687.1576502298157,0,20922.37,32,0
4175,57,11628.95,1.6,0,523.8146455989574,2,38912.33,12,0
4176,19,2895.6,1.0,2,555.0218393973839,0,20443.33,47,0
4177,34,2975.69,0.8,1,488.70447499406623,1,43273.58,24,0
4178,58,10450.49,2.3,1,453.5547944875185,0,5243.99,31,0
4179,29,1371.54,0.4,2,657.859253491539,0,18609.98,7,0
4180,52,11873.23,2.4,5,639.2184310041682,2,46730.07,10,0
4181,60,6492.02,0.0,4,676.0829211522516,0,1080.62,55,0
4182,18,1423.15,1.2,3,728.1605441495942,1,19844.08,13,0
4183,72,1746.53,0.7,1,677.4474794925673,0,13355.31,28,0
4184,62,1958.92,10.6,1,686.3459476305259,3,26827.11,21,0
4185,32,687.56,3.9,1,392.2038741827863,1,14298.96,21,0
4186,43,3671.58,1.3,3,569.3014758075007,1,43560.45,32,0
4187,54,1475.63,0.3,1,696.4576494669986,0,46888.34,38,0
4188,38,3779.1,2.2,0,483.17912637947836,2,42532.15,44,1
4189,66,1061.3,0.7,5,609.1671382837764,1,20229.11,58,0
4190,48,6237.97,2.3,1,651.9464440613506,2,49501.72,11,0
4191,42,5378.16,5.4,2,644.2853493838487,2,36884.3,9,0
4192,40,1694.76,2.9,1,636.8796307958299,1,18102.64,20,0
4193,41,3974.76,3.0,0,659.8912719045575,0,5137.79,11,1
4194,74,3185.41,2.3,0,618.0743894928219,2,33518.8,8,0
4195,55,9757.97,7.9,0,453.70717926089867,0,36564.09,8,0
4196,45,1305.08,8.1,2,650.6955535403494,0,6561.73,47,0
4197,38,2639.02,2.2,2,628.4746560553745,0,27711.95,24,0
4198,71,1785.5,1.1,2,455.0251549144547,1,49360.86,19,0
4199,60,3089.78,1.8,2,737.9735211086571,0,16648.98,17,0
4200,35,4567.03,0.6,1,653.3837699748041,1,15443.8,11,0
4201,53,1769.68,3.0,3,461.96516790225417,1,45213.46,8,1
4202,52,2227.68,2.1,2,518.277483602785,1,6312.09,25,1
4203,62,6456.44,0.3,4,543.594795825382,0,46709.61,19,0
4204,72,8829.55,0.7,3,543.5236561199351,0,39084.61,34,1
4205,26,4424.06,2.0,1,629.3050188818441,1,19846.6,34,0
4206,70,2669.45,6.6,1,502.3648248941738,0,4635.61,39,1
4207,55,2473.83,2.5,2,712.8136747121935,1,1449.14,5,0
4208,47,4621.62,3.4,3,704.5803451367991,1,19103.64,59,0
4209,61,3576.76,1.2,3,661.9317309599589,0,35415.0,18,0
4210,51,796.97,2.5,2,604.4241775393851,0,24632.7,4,0
4211,49,4712.19,1.8,0,693.7447515151537,0,37063.27,54,1
4212,20,1497.49,3.2,1,572.4052277195991,0,33693.26,5,0
4213,20,959.54,0.2,3,527.5511138616791,0,28858.91,43,0
4214,45,784.72,2.0,4,719.0109645619741,0,48391.2,53,0
4215,61,2507.69,1.1,2,631.754275701901,2,36555.03,16,0
4216,32,1321.84,1.2,4,531.5942359418608,0,45773.37,16,1
4217,58,463.55,9.7,3,558.2257632958421,1,12486.95,32,1
4218,40,2237.77,0.6,1,526.3572016234732,1,35825.16,51,1
4219,57,2013.33,1.1,2,802.2174858828605,1,30091.24,42,1
4220,28,2644.08,2.1,3,600.4098437450524,1,46252.66,51,1
4221,65,1802.41,6.0,2,615.7771311253669,0,25767.42,29,1
4222,49,12880.42,1.6,2,672.121904786194,1,14342.25,19,0
4223,74,4509.18,4.1,2,478.46390173929944,0,19549.53,41,1
4224,71,1998.81,5.8,1,709.6547266286224,0,11332.08,11,0
4225,53,2833.02,1.1,3,539.2153869212148,1,11388.66,38,0
4226,50,9243.85,1.5,4,783.0016286115149,0,23785.87,12,0
4227,41,6407.97,1.3,1,568.7341269985407,0,44682.16,31,0
4228,56,975.58,5.4,1,703.7640014763185,1,9997.53,6,1
4229,51,1367.26,0.1,1,350.32018828809134,0,14749.57,23,1
4230,73,1594.83,1.1,2,482.4866923914029,0,42722.91,39,0
4231,45,2096.95,3.4,3,570.6392841002374,0,17293.19,4,0
4232,54,1851.33,2.5,2,396.9217001875109,0,48139.46,17,0
4233,24,3063.18,1.7,4,660.0884448841405,1,13811.55,30,0
4234,21,5369.97,2.3,2,631.2958125436248,0,22386.1,27,0
4235,54,6137.23,0.7,1,500.91723501401225,1,5232.69,28,1
4236,73,2295.17,1.7,4,598.4041370135501,1,49612.7,59,0
4237,18,806.13,2.1,1,680.6477229923125,0,44562.03,11,0
4238,18,1296.82,6.9,2,389.69504831300264,0,40969.33,32,0
4239,64,1966.83,0.9,5,472.6510983765343,0,8288.45,11,1
4240,37,1101.0,6.1,0,566.4911700776655,0,48483.22,3,0
4241,36,7425.59,3.1,2,602.3723626632476,0,46492.99,58,0
4242,46,1160.22,0.1,2,594.1388578398456,2,22065.74,58,0
4243,27,4883.66,3.9,1,688.9294785435711,1,34241.03,14,0
4244,35,776.27,0.1,4,647.7211245655396,1,49626.69,47,0
4245,45,5043.02,17.8,7,669.663484057106,0,20782.39,54,0
4246,52,2666.67,6.2,5,461.01242671956345,1,6095.76,15,0
4247,60,9996.84,1.1,2,614.482385479938,0,43455.06,16,0
4248,64,1205.62,0.9,4,569.2857490762057,0,24086.01,12,1
4249,48,1898.29,1.4,3,746.2071881668767,0,49354.99,19,0
4250,44,2216.43,1.3,2,617.43956373779,2,27769.2,19,1
4251,28,2638.59,1.4,2,533.0946065283971,0,1959.14,33,0
4252,66,2260.22,1.1,1,685.250127595504,0,24840.48,48,0
4253,66,2295.39,2.9,2,656.3297795864647,0,36044.08,51,0
4254,55,2265.5,0.5,5,517.8398327359521,0,1788.49,53,1
4255,22,568.53,5.6,0,565.1510297230825,2,20965.71,28,1
4256,25,6598.96,5.0,0,566.8553540391639,0,8200.23,37,0
4257,51,29404.68,1.9,3,722.7461092279538,1,32333.29,38,0
4258,65,3784.3,5.7,2,620.3241873878442,0,47888.62,13,0
4259,69,1201.59,0.9,2,672.6782478560172,1,31416.95,18,0
4260,73,1302.93,0.1,4,550.6728278869917,0,34896.45,31,0
4261,29,4868.49,2.9,2,633.4800291139442,0,20129.86,47,0
4262,55,4057.72,1.8,1,730.3360902929658,0,28375.47,20,0
4263,18,2374.56,2.5,4,563.8923234749352,2,27420.96,13,0
4264,48,5446.47,6.9,0,611.5154803837776,1,38100.51,13,0
4265,21,571.86,10.5,3,463.66937437623926,0,42917.13,11,1
4266,66,5449.34,3.0,1,523.4441910089972,0,33312.85,27,0
4267,62,3605.48,4.3,3,566.5557108002176,1,49000.54,57,0
4268,67,1343.78,0.3,2,493.9160691048279,2,41500.28,34,0
4269,22,947.04,0.5,2,732.1973677521846,1,6670.01,36,0
4270,47,3284.8,4.0,2,516.1992979758487,0,25620.03,5,0
4271,73,9189.26,1.7,2,678.6798592117245,0,45210.19,16,0
4272,41,2483.75,1.8,0,618.6836237531477,0,47224.78,50,0
4273,20,1506.96,1.1,2,603.0851948510463,0,19320.19,42,0
4274,28,3473.89,2.8,2,748.6163644965158,0,36422.35,27,0
4275,62,12793.56,0.6,2,373.93997030724205,1,20822.0,18,1
4276,21,4209.25,3.0,0,580.3795103176896,1,6621.16,38,0
4277,43,4589.48,0.6,2,491.9619663434558,1,44288.26,11,0
4278,44,7928.66,0.2,3,403.85795908669627,0,46631.68,6,1
4279,63,4350.5,1.2,2,480.52682662423086,0,25485.15,47,1
4280,71,1595.95,0.8,1,601.7237535003071,1,1406.22,4,1
4281,60,738.3,6.6,0,527.4652870793554,1,40893.79,57,1
4282,44,1426.07,0.2,0,689.6613589825149,0,24109.54,27,0
4283,59,1231.78,0.6,1,578.615415205867,0,4213.9,52,0
4284,68,5051.53,2.4,2,567.5261645279057,1,9874.88,58,0
4285,67,5645.86,2.0,1,567.9719049493907,1,8029.91,24,0
4286,23,3430.49,0.1,0,590.1505593870461,1,34470.8,59,1
4287,32,1080.36,0.0,1,558.1521465057247,1,15320.77,7,1
4288,70,12447.53,13.3,3,514.8746302435836,2,6820.68,51,0
4289,47,2136.73,3.2,0,698.9184883976036,0,45923.62,23,0
4290,59,4830.88,1.4,1,537.5904949611054,0,47848.29,12,0
4291,54,3100.94,1.9,1,561.6473383653814,2,7359.51,25,0
4292,54,3522.52,0.9,2,642.9405080090311,0,11896.67,29,1
4293,59,4696.38,1.3,2,631.8741246157252,1,29809.98,32,0
4294,54,1708.18,3.1,1,510.6561937653951,2,7950.14,57,0
4295,52,8470.31,6.4,1,675.4981944110747,0,8350.29,6,0
4296,40,842.52,0.6,2,653.7670339838405,0,17160.51,8,1
4297,23,1298.75,5.5,2,617.7974834187254,1,47483.93,56,1
4298,21,8382.85,0.4,0,556.8683149418508,0,48140.89,28,0
4299,35,4779.08,0.7,3,559.3269309478592,1,42168.52,12,0
4300,26,22749.83,0.1,3,579.8202896998391,0,34937.79,51,1
4301,66,3148.5,0.5,3,476.8168058872234,0,36173.33,7,1
4302,46,11618.38,7.5,1,596.0731551403044,0,23743.86,41,0
4303,30,674.53,1.8,1,689.2102040446999,0,26742.65,39,1
4304,64,962.17,0.2,1,687.6371189834024,0,31905.41,42,1
4305,69,6102.3,9.6,3,561.9148228723548,0,36698.69,3,0
4306,34,740.78,6.3,0,706.4083272725536,0,5293.89,59,0
4307,62,2545.56,4.2,1,790.5904554529445,1,11631.91,36,0
4308,49,7583.78,8.1,2,568.3792464737172,0,48165.69,50,0
4309,65,4451.24,0.7,4,669.1514706432168,0,17089.54,10,1
4310,39,3007.54,5.4,4,373.7190037309208,0,13789.47,23,0
4311,21,2081.23,3.5,0,474.18532718180086,0,21384.61,33,0
4312,22,3504.42,6.1,9,609.112102933352,0,14900.58,49,0
4313,54,4730.56,4.8,0,499.3266937481612,1,5013.42,25,0
4314,58,1756.86,1.3,0,803.9202044722449,0,10794.08,13,0
4315,66,4013.38,4.5,0,659.7879687296553,1,32187.91,18,0
4316,30,7063.84,0.9,0,696.583164685813,1,11547.54,29,1
4317,51,2494.93,1.2,0,597.0973593839412,0,32559.53,9,0
4318,62,3147.92,0.3,4,499.6791980136348,0,5454.0,51,0
4319,39,4389.73,8.2,1,548.118971782512,0,2572.88,26,1
4320,70,4633.5,1.0,2,625.438047962636,0,43147.6,34,0
4321,40,6019.52,2.2,2,536.2084661590989,2,38121.3,37,1
4322,68,1324.12,1.5,1,667.11919917272,0,33468.37,33,1
4323,20,1952.49,9.7,3,671.1414969204639,1,2029.51,49,1
4324,59,2011.22,1.2,1,600.4981303939588,3,12348.02,31,0
4325,51,1446.45,4.5,0,417.43649129830004,0,40709.56,6,0
4326,49,707.17,5.8,3,771.4784933665959,1,7661.05,37,1
4327,62,220.61,1.7,4,578.7327143310482,0,40736.25,13,0
4328,68,7757.09,1.4,1,850.0,0,29419.56,36,0
4329,66,859.96,4.1,2,665.2535696352195,0,37148.23,41,0
4330,38,10437.99,7.3,2,579.0044923267943,0,32403.1,17,0
4331,63,5385.83,4.2,2,644.7821876498004,0,21140.98,16,0
4332,61,2154.79,0.8,0,398.0714482921388,0,14952.88,23,0
4333,38,4881.16,6.6,2,702.6142403235966,1,33800.09,9,0
4334,61,4188.54,1.5,0,850.0,0,40442.19,19,0
4335,28,1234.7,2.6,2,391.0766526156621,0,2714.27,44,0
4336,56,2945.45,5.3,4,571.2590990174292,0,19305.49,20,0
4337,21,1361.21,0.6,1,589.4661877208474,1,17861.12,16,1
4338,68,5030.64,4.6,1,687.5228629163064,0,28193.81,40,0
4339,18,1682.14,2.7,1,810.5975674165536,0,6139.29,31,0
4340,45,2759.2,6.7,2,638.2882122595564,1,46704.26,56,0
4341,41,2665.54,0.6,3,814.1791824215527,0,27651.26,53,0
4342,52,3285.46,1.6,1,617.0432476884662,1,46225.76,12,0
4343,30,11271.63,5.4,3,645.142381879623,0,40938.58,19,0
4344,64,2458.32,0.1,4,632.8235566160255,0,9986.12,34,0
4345,51,7897.82,0.4,1,722.0299783005087,1,7050.78,53,0
4346,28,4376.47,14.0,2,557.7678941889797,1,43131.89,22,0
4347,53,9271.7,1.0,3,681.8286758761509,0,27036.96,19,0
4348,68,2273.9,11.1,3,476.9203393743573,0,1477.27,48,0
4349,34,5202.58,0.6,0,571.549589534859,3,46744.22,9,0
4350,52,2842.92,1.3,2,536.3256377061192,2,23914.91,53,0
4351,35,272.73,4.2,3,608.7961558617942,4,15396.35,58,0
4352,57,1246.54,3.2,4,568.3920250596218,1,26071.59,41,1
4353,39,4750.01,2.6,2,713.2133692456975,1,41234.46,46,0
4354,74,4505.31,2.3,1,512.1331904828357,1,5959.49,32,1
4355,41,1057.88,5.6,3,426.86840641889876,2,18267.18,40,0
4356,36,3555.65,0.8,2,464.2716180288443,0,16283.9,42,0
4357,54,4458.68,1.8,1,699.4168046301319,0,42062.65,43,0
4358,56,2899.42,0.5,4,503.0442656683778,0,39034.13,52,0
4359,38,5340.4,2.7,5,639.7844415520708,1,20305.15,12,0
4360,25,4788.84,0.9,2,570.521249675192,0,33392.17,34,0
4361,45,2898.32,1.2,1,682.4244054753256,0,20025.05,59,0
4362,22,1980.97,1.9,3,576.923429488339,0,28780.03,28,0
4363,34,6863.92,0.1,3,850.0,1,49565.16,55,1
4364,54,4317.92,0.3,2,789.8117015818505,0,27010.94,50,1
4365,53,987.18,3.5,3,568.4789819594307,1,49434.45,19,1
4366,71,3557.16,1.7,0,554.7865410905014,1,37486.36,3,1
4367,36,1187.0,6.0,4,850.0,1,6475.75,41,0
4368,44,1377.94,3.6,1,492.11490386714104,1,39900.33,56,0
4369,70,1769.53,0.0,0,594.4976452081651,0,8483.64,28,0
4370,51,3089.91,2.9,2,602.2448919705428,0,26850.27,32,1
4371,28,4022.22,0.3,2,599.7662102185426,0,30855.64,11,0
4372,71,2149.19,4.6,0,426.12882794694735,1,44665.41,46,1
4373,62,2225.76,14.3,3,649.6602409675941,1,10916.0,35,0
4374,64,1993.02,2.3,4,502.9649908607683,0,43859.13,28,0
4375,29,6891.27,3.4,2,743.5989124169071,0,46757.44,44,0
4376,71,304.19,0.8,0,454.40349575653784,1,4929.62,12,0
4377,38,2328.68,1.7,2,605.9465927375476,0,44321.61,44,0
4378,71,10259.79,5.8,3,378.3879353048112,1,13329.41,34,0
4379,28,4508.79,0.5,2,384.5616293659276,0,4509.55,41,0
4380,56,8213.03,0.9,2,516.0648041707367,0,47949.43,58,1
4381,45,585.58,1.8,3,530.1789917662971,1,19914.07,49,0
4382,22,1103.45,3.7,2,746.5726412989435,1,31337.68,44,0
4383,34,4497.33,1.4,1,595.9408163738102,0,27867.22,50,0
4384,73,10306.24,7.9,1,729.2406900911553,1,11052.51,50,0
4385,37,1196.33,0.3,3,562.0213405323323,0,33643.5,54,0
4386,58,2185.92,1.4,1,660.6085182880331,0,2782.69,35,0
4387,63,4109.97,3.7,4,527.4524683081099,1,10553.2,29,0
4388,29,932.62,0.8,1,520.6526930901399,1,47260.86,45,0
4389,23,4524.91,3.2,3,417.91498610821054,0,47698.62,31,0
4390,34,350.53,0.5,2,633.5753993851274,0,24391.43,21,0
4391,68,4419.54,0.2,3,626.208341470015,2,8869.05,20,0
4392,36,1344.71,0.4,1,677.7312887285852,0,21370.19,37,1
4393,43,2083.75,8.0,1,621.4918287141395,0,43915.01,49,0
4394,65,5021.62,2.4,4,802.6195977193968,1,3978.57,30,0
4395,61,4263.31,4.8,1,617.602763667751,1,6829.49,40,1
4396,61,2961.99,1.2,1,699.1826714338121,1,44834.82,12,0
4397,69,6471.95,2.7,3,567.5890917000897,0,21061.48,5,0
4398,49,764.99,2.0,0,509.1529965698611,1,4631.2,44,0
4399,23,3510.56,8.7,2,671.7695170186637,0,7390.85,31,0
4400,72,1584.25,4.1,1,591.085201217966,1,44181.18,18,1
4401,53,6213.16,3.9,3,683.2043045929621,0,24760.12,38,0
4402,55,5164.97,0.1,1,635.2936541844681,1,8568.22,3,1
4403,28,5317.07,2.4,1,520.6986673209843,0,44755.96,56,0
4404,50,11117.83,1.9,3,707.4337877677028,0,42341.31,20,0
4405,41,7339.88,7.9,1,512.8810046215333,0,1639.66,6,1
4406,40,2628.22,0.9,3,662.5326263295505,0,29259.01,7,0
4407,32,2977.94,0.9,3,728.1611111525854,1,12594.66,23,0
4408,44,4821.07,1.6,4,561.5405161584843,0,26890.22,6,0
4409,28,3324.05,0.8,3,715.5994453672315,1,14323.78,53,1
4410,74,5240.32,0.4,3,639.7616834053192,1,16135.88,22,0
4411,68,500.57,5.8,0,685.1943778396263,0,30291.7,21,0
4412,67,13421.9,2.5,3,516.3244308897414,1,27173.53,37,1
4413,34,3130.11,5.9,2,621.4300232053747,0,20062.02,54,0
4414,68,814.05,5.3,4,459.19186899754965,1,5824.61,47,0
4415,70,1435.06,1.0,1,771.1300515310463,2,48486.48,59,1
4416,31,542.69,2.4,1,398.6001678415493,1,9142.97,59,0
4417,44,1246.15,0.3,0,564.524818037115,1,31839.3,26,1
4418,35,2660.32,7.4,2,506.8291405800378,0,4595.87,22,0
4419,45,10014.32,1.6,0,667.4700415202237,3,34571.49,52,1
4420,68,4140.37,1.5,2,792.3945945929918,0,5194.57,30,0
4421,64,3591.37,1.1,2,665.4915098687526,0,11860.66,59,0
4422,64,1202.21,1.9,1,850.0,0,32525.77,40,0
4423,21,1541.35,0.9,0,462.205982344116,0,14505.29,26,0
4424,24,1640.01,1.4,4,469.8815867471435,0,26876.12,22,1
4425,62,1694.42,4.8,3,510.68857683846,0,6663.02,26,0
4426,52,2250.19,5.4,2,612.1244695295906,1,10518.83,8,0
4427,65,2390.34,1.1,0,497.307762471675,0,36821.91,40,0
4428,26,2272.73,1.9,1,524.8337245694975,0,2239.37,56,0
4429,25,1742.26,6.2,0,662.0483523927288,2,6034.11,27,0
4430,69,3321.07,0.2,3,476.0828116886182,0,11140.32,34,0
4431,62,2318.02,6.6,2,486.6803987029898,0,1499.43,19,0
4432,34,831.76,0.7,0,560.1461247009928,1,5221.25,19,0
4433,34,3064.09,3.4,1,569.5556929160679,1,14428.88,7,0
4434,66,2715.11,2.6,3,701.0015717221315,0,5099.41,19,0
4435,50,842.44,2.4,1,509.9360252021879,0,43372.91,11,1
4436,49,1857.45,5.9,2,527.9720015879102,1,3770.65,22,0
4437,25,4806.18,0.3,1,658.1670116279006,0,43118.69,4,0
4438,36,1200.92,1.3,2,680.1394323783383,0,41231.57,21,0
4439,55,1103.52,2.3,3,742.8724467126588,0,5487.7,11,1
4440,20,2298.69,5.0,1,646.9120354864755,1,1746.97,42,0
4441,22,4906.65,0.7,2,613.0364059961827,0,2974.6,21,1
4442,30,12686.1,4.9,1,657.5038406746154,0,29723.71,47,0
4443,64,5050.02,1.5,2,573.2587194111452,0,33682.5,58,0
4444,63,7100.09,0.6,2,572.5232405624521,0,31222.34,6,0
4445,48,3933.79,4.3,3,422.58896877212464,0,27303.1,8,0
4446,72,1723.15,0.3,1,689.3415956689335,2,9146.86,38,0
4447,33,5020.92,2.2,0,621.1458945051747,2,42127.22,13,1
4448,67,2783.64,0.2,2,677.7039266368306,0,16713.97,23,0
4449,49,4030.42,1.3,4,318.4189505522706,1,49315.82,44,0
4450,39,1398.53,2.8,2,595.2898292106454,0,19550.46,50,0
4451,46,4329.28,2.4,2,514.4118493622368,0,13518.74,27,0
4452,39,2706.99,1.6,2,750.1362504820233,0,44765.42,32,0
4453,60,3586.77,1.7,2,661.4216915483829,0,28587.0,20,0
4454,20,2784.83,0.8,1,623.423541081056,1,36231.6,27,1
4455,71,2388.06,1.8,0,556.8067030658975,1,20715.74,53,0
4456,27,4392.93,9.2,0,639.7208310131647,0,44402.32,23,0
4457,59,2154.1,5.7,2,507.18143706218956,1,45927.4,25,0
4458,38,836.35,0.5,2,590.0274652314234,1,22120.06,32,1
4459,33,665.69,0.1,1,542.163661301258,2,12415.83,46,1
4460,29,3454.85,8.1,0,826.6489654981692,0,32559.73,48,1
4461,19,2084.38,2.2,1,746.9947756190841,1,47751.92,20,0
4462,58,747.49,2.3,2,706.3047483982831,1,31311.1,54,1
4463,41,3246.16,4.6,3,450.9688977845842,0,47734.01,35,0
4464,52,2765.29,1.1,1,686.4157112284054,2,17518.49,47,0
4465,73,1998.81,2.0,4,618.7666675141937,0,45796.41,37,0
4466,47,3631.67,10.4,1,722.3460139516146,1,6072.06,48,0
4467,74,8536.23,3.3,3,632.239509512694,0,18262.3,24,0
4468,47,8330.45,0.5,1,599.3282333961696,2,24976.33,52,1
4469,64,3344.3,0.4,2,623.3784296336559,0,32828.96,26,0
4470,52,2785.64,0.7,1,419.4366708377455,1,15059.89,25,1
4471,36,3381.88,4.4,3,523.2596727832203,0,46249.85,53,1
4472,67,3816.94,1.1,1,637.3335538703273,2,45223.06,3,1
4473,25,2405.14,0.1,3,713.9388358406583,0,40067.16,17,0
4474,43,3427.66,8.7,0,544.9506883687882,0,6160.94,50,0
4475,66,846.49,0.6,0,595.9193120136066,1,4375.4,30,1
4476,57,3181.41,0.0,3,439.90075553246095,1,25157.51,44,0
4477,24,4365.34,0.8,2,745.931081335376,1,38384.52,22,0
4478,47,2014.5,0.8,2,711.374173223312,0,6600.18,38,0
4479,24,2761.76,1.6,4,665.2102618567199,1,32251.15,45,0
4480,20,1225.12,7.6,1,640.680618763089,0,26628.84,18,0
4481,18,1096.36,6.3,3,755.2549065146798,0,36436.48,7,0
4482,53,3528.58,1.8,2,519.4989008685283,1,22051.07,53,0
4483,42,1662.95,1.6,6,508.68384436733413,1,34818.18,45,1
4484,54,719.49,2.4,2,706.1519786256429,0,8400.63,52,1
4485,18,1224.85,0.8,1,699.4313381708124,0,11122.42,17,0
4486,32,1375.95,0.2,1,480.65044139108477,1,45215.04,4,1
4487,54,5539.53,8.4,1,546.8640118423134,0,16804.07,26,1
4488,30,3440.22,0.6,4,768.909313107739,0,49282.54,15,1
4489,57,1484.33,0.7,2,641.1667328215904,1,2787.13,25,1
4490,25,1862.71,1.9,4,678.7161518018172,0,25045.85,14,0
4491,22,8515.71,2.0,4,484.09534574706436,1,16586.86,48,0
4492,26,6303.64,0.1,0,665.6644524537178,0,49800.27,35,1
4493,18,1218.71,0.5,1,458.04584542291195,1,49506.72,46,0
4494,53,7561.47,1.4,1,402.0178634399315,0,12144.54,47,0
4495,52,2794.75,3.5,3,672.6823960180868,1,13729.22,27,0
4496,19,5651.57,0.8,2,743.4445169634489,0,37608.77,37,0
4497,57,2615.87,1.6,4,574.6213924250832,0,44538.88,37,0
4498,40,7697.6,2.4,1,545.3449318145541,0,33353.0,3,0
4499,26,1178.86,6.6,1,771.084865624637,0,43303.09,45,0
4500,51,2429.98,1.2,4,580.5216630885392,0,3632.98,6,0
4501,63,7888.55,0.4,5,593.423127644274,0,32206.16,33,0
4502,31,439.62,2.0,2,769.3957226440335,0,35158.46,30,0
4503,21,2873.11,4.1,2,564.641518697179,0,9920.79,13,0
4504,47,2175.82,0.3,2,534.5972390655133,0,39009.53,34,0
4505,48,5155.03,1.7,1,681.5508224137088,0,47241.13,4,0
4506,55,7015.88,0.1,4,528.8143845620884,0,44949.34,53,1
4507,28,5346.66,0.1,2,585.5398461877818,1,12625.89,46,0
4508,52,3614.83,2.0,1,468.08413982878005,1,16537.64,15,0
4509,25,3079.28,1.1,3,618.5397088376513,0,25230.76,19,1
4510,20,2266.14,5.6,1,606.8097487203092,1,8338.88,53,0
4511,31,3526.21,2.8,1,696.8020274723144,0,47720.68,6,0
4512,30,9582.79,1.8,3,685.7256536661731,1,8499.03,33,0
4513,62,1533.93,1.6,1,655.1518008469582,0,38190.44,40,0
4514,49,2161.02,2.1,0,639.4255692781013,0,17400.69,5,0
4515,51,2806.22,0.1,1,592.6745886247659,3,28899.18,45,0
4516,62,6639.2,6.7,4,660.9555968995803,1,2835.1,56,0
4517,36,3564.01,19.1,2,488.7667826331013,0,10648.09,14,0
4518,55,6547.15,0.6,0,365.10339281456913,1,22497.37,46,1
4519,33,6817.77,0.4,3,716.1917671212893,0,34020.97,20,0
4520,19,4786.86,0.5,3,667.4160462247913,0,38989.32,32,0
4521,57,1272.58,3.2,4,587.3013565720086,0,1991.96,48,0
4522,34,11258.46,3.2,2,707.4558608445986,0,8048.27,13,0
4523,72,9227.14,5.7,2,526.8502583053473,0,36624.69,26,0
4524,51,3136.4,4.2,3,529.450746791685,0,40746.24,23,0
4525,59,986.91,1.8,1,515.5862276305833,0,12210.29,51,1
4526,33,855.43,2.8,3,656.7621975115885,0,11867.83,56,0
4527,55,3653.54,3.5,1,441.7041922785247,2,4857.46,50,1
4528,19,1700.37,2.2,2,523.3038393217959,0,7939.55,37,0
4529,19,754.65,1.9,3,628.9715023236135,0,896.79,6,0
4530,43,842.61,3.1,3,479.5848924077389,2,29696.65,28,1
4531,30,2046.76,2.4,0,533.9689594338814,0,45242.62,10,0
4532,73,3484.03,3.1,2,378.8432422885436,1,7904.02,26,0
4533,64,9178.05,2.8,2,660.5806649401537,2,37696.46,45,0
4534,48,4391.28,3.8,2,531.2164806657721,0,28896.1,47,1
4535,51,2197.06,3.1,1,490.07187498588456,1,47026.13,58,0
4536,56,4039.84,2.2,1,470.4977274041425,1,40007.06,14,0
4537,20,3761.05,3.4,0,558.17864877949,1,42710.09,7,0
4538,25,5386.42,1.8,1,441.984441310856,1,32137.54,18,1
4539,40,2887.21,0.8,4,794.2379677148667,0,40661.14,34,1
4540,31,6829.17,0.0,3,361.52553828310147,1,17868.04,31,0
4541,73,5765.01,2.5,3,554.938085021351,0,10846.37,35,0
4542,72,3184.85,2.7,4,610.6906929291255,0,45669.74,43,0
4543,44,2709.77,10.7,1,522.4620995863445,0,36849.63,16,0
4544,71,6221.7,1.3,4,621.2131737293115,0,4989.79,27,0
4545,46,1684.49,1.5,1,520.0398425053838,1,43412.02,10,1
4546,56,893.11,0.7,2,753.0094463673149,0,17770.75,29,0
4547,70,889.06,0.2,2,488.1122985890223,0,15264.75,37,0
4548,56,1576.4,4.4,0,364.87760586516805,2,31354.02,24,1
4549,18,5052.92,0.9,2,470.1500149546678,2,28645.63,9,1
4550,34,2125.5,2.8,2,638.6494774813713,0,27143.71,38,0
4551,58,3510.85,3.5,2,588.2075620451136,0,13116.42,49,1
4552,47,2005.73,1.9,1,675.2132907982117,0,48008.8,14,1
4553,70,2018.51,6.3,4,650.1744616710967,1,47530.99,57,1
4554,30,1312.42,1.8,3,536.3719650274796,0,706.03,11,0
4555,38,2769.67,1.0,3,551.0916506204453,0,17222.47,56,0
4556,36,2591.18,6.8,3,561.4671224346774,1,2754.66,52,0
4557,70,4146.96,5.9,4,788.4346083496653,0,42587.31,56,0
4558,36,3752.43,0.5,0,669.082231468737,1,44382.65,47,0
4559,74,2546.01,0.1,3,789.1686899178505,0,26155.77,37,0
4560,42,893.48,0.3,2,684.0779372341814,1,42064.06,41,0
4561,39,7019.61,1.0,4,593.6416605078449,0,35316.34,21,0
4562,48,2784.89,10.8,1,498.0638513014335,2,25228.91,30,0
4563,34,3177.07,2.5,1,620.1519671148744,0,18508.66,31,1
4564,72,10725.68,1.4,1,593.913082778377,1,13678.14,10,0
4565,40,6164.59,6.6,2,590.6352714661787,0,13341.74,45,0
4566,49,4260.57,1.8,3,579.090092310075,1,28322.19,29,0
4567,27,2975.46,1.1,2,394.75372924237774,0,8757.04,7,0
4568,27,2953.32,8.5,1,726.0839816534656,0,9152.2,50,1
4569,53,3612.27,5.7,1,594.9546510782683,1,1014.47,31,0
4570,25,4127.91,5.6,0,458.5746883971358,1,30859.74,37,1
4571,71,11720.81,2.2,3,648.1762709073645,0,49720.04,35,1
4572,69,21560.38,4.7,5,514.4163831393472,2,44516.36,34,0
4573,37,3760.13,0.6,1,656.2140622970783,0,35431.65,23,1
4574,49,532.39,2.6,3,688.1656460512461,0,39383.5,12,0
4575,67,1392.15,12.4,2,701.9636490669318,0,21134.21,44,0
4576,31,12697.97,1.0,0,583.9083273345179,0,15254.94,18,0
4577,67,5297.14,4.7,3,558.6222271981483,0,18747.1,13,0
4578,45,4191.6,2.0,2,537.446163973533,0,4530.39,21,0
4579,63,2608.5,0.1,1,527.7443911539503,0,31872.86,54,1
4580,69,1151.46,4.3,1,598.2769935789083,0,9155.82,15,0
4581,70,11409.84,0.6,2,579.0656937608261,0,38262.47,17,1
4582,41,1542.92,3.0,3,517.4696184177834,0,9903.83,44,0
4583,32,5342.5,0.3,2,485.62152461970953,0,11792.14,38,0
4584,39,1053.04,8.8,1,589.1243907741417,1,47886.63,34,0
4585,47,2509.2,1.0,4,556.580238205617,1,5717.1,21,0
4586,21,6596.97,0.8,1,485.8633026718134,1,25192.71,17,0
4587,30,2441.2,0.4,5,683.0571013421408,1,3602.98,40,1
4588,40,2219.95,8.8,2,777.2092750825249,1,4974.35,24,0
4589,25,3006.43,3.7,0,696.2588213984225,0,31858.27,51,0
4590,35,1023.72,4.1,1,527.9811988323955,0,31721.0,15,0
4591,29,880.67,2.1,2,594.9770315410063,2,10059.45,22,0
4592,72,5278.46,1.9,3,754.0428951687461,1,43688.08,51,0
4593,48,2126.5,0.3,2,482.6300357222507,0,35258.26,17,0
4594,31,5245.83,2.5,0,678.2595126685226,1,15380.22,9,0
4595,51,7292.1,0.9,0,455.191679185601,0,12795.13,57,1
4596,35,7776.91,11.3,2,768.4037627431329,1,37837.12,24,0
4597,73,815.0,4.8,1,556.968547524901,3,36814.38,45,0
4598,51,1705.71,1.6,2,822.9043724523813,0,7867.18,52,0
4599,28,4582.81,0.5,2,772.806379864183,0,17784.8,22,1
4600,58,4639.68,4.6,2,589.3569490418612,1,11225.52,21,1
4601,29,18025.63,0.4,0,528.0594626889589,0,15060.14,29,1
4602,66,1442.18,0.6,0,619.4775471890914,0,14734.42,10,0
4603,32,7589.6,0.7,2,581.9841033353437,0,48813.17,20,0
4604,74,4015.11,2.4,2,559.8433036414407,0,37635.46,12,1
4605,48,802.56,4.6,2,434.1886745421703,0,39112.58,52,1
4606,66,1923.2,1.1,3,548.5446416345413,0,14232.45,51,0
4607,46,3677.62,0.3,1,488.952087824376,2,526.09,43,1
4608,43,762.43,1.9,4,655.1647706425236,0,3378.77,37,0
4609,35,567.29,4.1,1,699.1071316597424,3,27873.49,17,0
4610,49,728.51,0.8,0,674.0684003923596,1,14631.32,58,0
4611,39,3667.65,0.7,3,634.2375089627508,0,10051.25,25,0
4612,55,2022.86,8.8,1,514.7092932859098,0,2957.23,14,1
4613,34,1815.35,9.2,4,620.540077260191,1,43856.15,51,0
4614,40,1865.91,14.0,2,679.2765143644376,0,30206.3,29,0
4615,41,954.04,4.9,2,541.376442560027,1,5814.97,8,1
4616,67,2069.12,0.6,3,611.8986421395007,0,38437.0,26,1
4617,25,694.84,0.7,1,585.4538410730077,0,37913.37,24,0
4618,58,7708.76,1.2,3,766.2366669610485,0,14825.48,11,0
4619,23,11543.34,1.1,0,685.1548135264525,0,9827.13,12,1
4620,22,463.66,9.4,2,660.9159611748391,0,40792.1,5,0
4621,61,2048.16,4.7,0,428.3306266034565,2,16813.45,8,0
4622,74,2157.68,3.9,0,617.2837326767583,0,42447.69,28,1
4623,46,2592.59,0.6,1,584.498657107543,0,2660.75,47,0
4624,45,6642.37,7.2,1,583.6342889430127,0,25214.8,16,0
4625,28,2052.95,5.3,1,443.65865272583596,0,9389.97,38,1
4626,74,2777.76,0.5,2,491.22313777024306,0,33766.22,44,1
4627,18,32313.62,6.1,1,593.1982512094218,0,49862.08,21,0
4628,60,2727.02,1.0,2,711.4355778190461,0,20919.3,50,0
4629,36,12246.46,0.3,1,540.9475430160577,0,5465.37,58,0
4630,26,4454.14,3.2,1,560.0061272895732,4,16224.82,41,1
4631,44,1914.16,3.2,2,778.1091995286208,1,44629.57,25,0
4632,51,1674.74,0.3,1,570.3177610832164,2,38405.17,7,0
4633,61,2963.66,1.2,1,587.121047614642,0,11994.48,46,0
4634,21,1210.54,14.8,3,588.4755217948259,0,47703.14,17,0
4635,53,1493.54,3.4,1,465.44948535954893,0,31298.3,32,1
4636,35,2125.05,3.9,3,657.1798123415115,2,8818.45,35,1
4637,32,3769.41,0.7,1,534.7123881415662,0,28829.95,56,0
4638,68,12846.13,0.2,2,596.9929382960262,0,22838.2,40,1
4639,30,2022.39,1.0,0,644.4372964417797,2,41075.03,21,1
4640,36,4312.25,0.9,1,794.2557589035392,1,17535.92,7,0
4641,66,810.52,0.8,2,468.2229955453757,0,43811.43,11,1
4642,23,6962.06,0.6,1,686.4982185066224,1,40692.53,9,0
4643,65,751.94,2.6,0,686.8723256173968,0,33892.87,26,1
4644,73,5646.04,1.2,2,536.1785227220727,0,13301.06,43,1
4645,29,2794.09,5.2,2,659.9503848051982,0,48531.31,56,0
4646,68,2706.68,0.6,3,764.3436151291892,0,27659.01,18,0
4647,54,2344.41,1.9,1,523.5028790787558,2,45421.94,39,1
4648,34,1052.58,0.0,1,624.1469797135155,1,11178.63,12,1
4649,40,1098.15,2.0,2,640.4801363939786,0,49177.23,23,1
4650,43,5820.93,0.2,2,653.417885495355,0,40894.93,23,0
4651,46,3009.56,11.4,2,676.9291760716013,0,47486.73,49,0
4652,50,2330.77,4.7,2,616.6304828252174,2,11012.1,17,0
4653,44,4250.19,2.0,3,651.3436186348002,1,21817.57,15,0
4654,42,3232.62,0.3,3,508.85263498762765,1,5332.88,54,0
4655,73,1580.75,2.7,1,616.4003493639558,1,7280.0,52,0
4656,72,21349.79,4.3,1,552.3658734319486,0,14555.95,57,0
4657,27,5391.64,0.6,3,477.01710948459123,0,47605.47,9,0
4658,64,3299.92,2.5,3,549.0855450563099,0,33525.99,42,0
4659,40,1976.56,5.0,2,626.9456392198058,0,16074.3,10,0
4660,38,6388.2,4.4,2,643.5797276370193,0,47751.38,45,0
4661,38,1587.55,4.9,3,473.1540879077229,1,37116.7,58,0
4662,60,1484.12,6.3,2,506.2323283275129,1,45395.46,43,1
4663,30,11552.54,8.3,2,672.4656279693221,1,46397.43,40,0
4664,54,3055.02,1.6,3,650.8148092615863,0,37663.1,54,0
4665,50,1618.61,2.5,1,688.7102662046352,1,12535.1,4,0
4666,41,2994.55,4.7,3,736.783042717656,0,49831.15,39,0
4667,61,5884.92,3.6,0,653.7887109590599,1,16592.0,24,0
4668,28,4900.06,16.2,3,558.5192372829127,3,33749.43,57,0
4669,34,6499.04,0.0,1,611.4849458081917,3,42318.18,56,0
4670,21,1097.02,1.3,4,765.9897100927383,0,9169.97,6,0
4671,64,6369.77,1.0,2,850.0,1,30647.56,54,1
4672,42,2583.12,0.9,3,646.3096365742359,0,19071.05,49,1
4673,47,3201.2,0.8,2,653.5554138811307,0,12592.31,9,0
4674,26,7844.72,3.7,1,672.5708366997417,0,1082.7,3,0
4675,38,5230.07,0.3,2,602.3792845819363,0,43662.72,21,0
4676,37,3947.52,4.1,3,716.3853902342624,2,7226.14,32,1
4677,36,609.6,3.5,3,700.8045292732851,2,43966.8,52,0
4678,36,2874.4,0.9,1,635.4376447148817,0,30234.18,4,1
4679,29,1591.23,0.9,1,568.1980093994384,0,31242.25,57,0
4680,54,5265.0,3.0,1,447.9303612622863,1,41518.26,55,0
4681,59,6586.43,4.3,6,673.241354761425,1,25717.34,15,0
4682,34,2341.1,6.3,3,621.2858315226104,0,18185.59,30,0
4683,54,1748.24,5.7,2,526.2232269345899,0,7370.93,16,1
4684,71,10353.09,10.0,1,487.0079735005373,0,28735.56,5,1
4685,65,1839.93,2.6,0,666.1432849383252,1,27881.77,18,0
4686,56,1146.39,7.2,2,439.8763678383035,0,15047.88,27,0
4687,45,1531.29,5.0,0,629.9641187443805,0,30202.82,48,1
4688,58,1912.18,6.8,2,684.3550409168894,2,22248.66,49,0
4689,52,1496.54,0.0,0,654.9892886416624,1,40373.74,59,0
4690,64,5862.39,10.1,2,560.926022564156,0,28194.57,5,0
4691,65,513.72,1.9,1,475.0625515525086,0,46717.09,36,0
4692,35,1471.37,4.8,2,658.701923979519,0,26140.16,5,0
4693,31,2869.81,0.4,3,720.0523091953421,0,44431.02,43,0
4694,52,3526.98,1.5,3,542.7266645256959,2,26265.99,31,1
4695,61,11538.77,1.0,1,650.6908200292859,0,28122.72,42,0
4696,58,10261.87,1.0,3,758.1515118731809,2,18657.0,21,0
4697,24,828.33,0.4,2,633.884709644161,0,20308.37,22,0
4698,58,647.79,4.9,3,560.3119855122212,2,46688.52,23,1
4699,30,3041.11,0.0,1,704.0853540063158,0,11552.48,22,0
4700,35,1739.67,1.1,1,526.2439025842187,0,6512.16,30,0
4701,54,1148.69,0.6,3,470.1807984946977,1,41595.44,49,0
4702,30,3019.65,2.7,2,681.2321191145979,1,29057.08,29,0
4703,53,3585.16,0.9,5,559.3837736516437,1,14590.04,46,1
4704,48,1523.59,0.9,4,568.3478985996315,0,21903.81,48,1
4705,19,1809.37,2.0,1,537.3059364448928,0,26482.81,52,0
4706,33,1620.3,3.2,1,552.7182604445916,0,29810.94,27,0
4707,26,2144.81,0.4,1,740.3033427526866,1,41142.03,4,1
4708,26,4596.98,0.6,0,766.2498765783668,1,20020.44,55,0
4709,55,1258.5,0.9,2,779.4978636144609,0,33986.9,45,1
4710,28,1785.5,10.9,1,709.0120621177513,1,41820.97,59,0
4711,71,2165.86,1.5,0,646.6271259773238,1,42266.79,26,1
4712,73,2964.9,2.7,2,456.7714408066887,1,13085.14,35,0
4713,39,3717.43,0.8,2,581.2475297099651,1,17833.57,21,0
4714,50,15272.46,2.0,4,815.6754488623687,1,29947.85,28,0
4715,53,4711.21,0.2,1,556.4378421247346,0,44345.73,48,0
4716,62,4801.79,0.1,2,751.4144474772274,0,39627.08,43,0
4717,40,2408.38,1.9,0,605.5035819030545,0,29406.16,5,0
4718,62,1361.18,1.5,2,332.1857614146854,0,49194.81,29,0
4719,62,1953.6,0.4,2,664.0485563668963,2,22229.87,16,0
4720,51,1688.73,3.5,2,726.6254696178312,0,42201.3,22,0
4721,26,4079.72,14.8,3,595.1004031359456,1,41011.81,37,1
4722,41,795.5,1.5,2,723.3051004485413,1,45447.9,25,0
4723,25,4788.76,2.9,1,433.2172485582913,1,49390.08,27,0
4724,24,2714.08,9.9,0,461.443573610063,0,25036.99,6,1
4725,53,5359.78,5.3,2,620.4864308085688,0,10183.67,59,0
4726,35,1670.49,1.9,2,647.7114727817532,1,23314.32,4,0
4727,20,1449.4,4.0,1,735.6578868592278,0,42767.3,4,0
4728,45,2153.1,0.4,0,663.892446674856,0,41887.28,27,0
4729,23,2112.19,2.2,4,480.6370910634957,0,17130.51,49,0
4730,61,5682.11,1.0,1,621.3045622074386,0,2841.69,25,0
4731,61,5638.9,0.5,1,660.072744528815,0,25737.18,23,0
4732,38,13684.49,1.7,2,412.5766001302871,0,23968.0,55,1
4733,45,2005.41,0.4,2,595.6366530261985,0,4745.32,47,0
4734,57,204.78,3.6,0,566.4417456061775,2,39847.05,27,0
4735,71,2148.36,1.8,1,534.5306926254254,0,14537.72,29,0
4736,71,3585.05,2.3,0,649.8777051752672,0,32464.73,54,0
4737,18,5279.7,0.5,2,485.0318473442076,0,5523.65,13,0
4738,53,3800.48,0.5,3,641.687951200365,0,43104.81,16,0
4739,38,2004.16,2.6,3,655.9491129208894,0,37094.09,19,0
4740,60,11746.75,12.6,2,708.3763310260973,0,19726.92,56,0
4741,52,1303.76,0.3,2,487.65807372073954,0,31659.7,17,0
4742,30,2392.95,1.0,2,449.47657816454523,0,9778.97,48,0
4743,74,1256.48,6.1,4,627.8903607339012,0,49278.41,53,1
4744,66,3028.01,0.2,1,571.3728766132298,0,39907.35,33,1
4745,71,10627.55,6.3,2,850.0,0,39552.53,36,0
4746,71,2663.13,2.2,1,645.8498476242931,1,8092.32,38,0
4747,27,2676.22,1.6,0,605.8161711704181,0,1377.81,59,0
4748,70,767.57,1.1,2,582.7172044323585,0,29475.88,42,1
4749,61,2369.43,1.1,4,478.1938154560551,0,7633.97,46,0
4750,64,7483.0,1.1,0,656.3881552954597,1,39131.46,15,1
4751,70,2440.14,6.5,3,592.0854973729203,0,21095.77,57,0
4752,27,2311.77,3.9,2,592.1686316570565,1,17260.42,20,0
4753,63,7219.72,3.3,3,609.4443325498655,2,4145.64,19,0
4754,30,2319.6,4.8,3,622.1212529917245,0,49805.22,47,0
4755,54,8380.33,0.9,3,426.07443540824784,2,47822.53,46,1
4756,55,1066.66,2.9,3,683.7023006370932,0,7014.05,41,0
4757,41,5127.04,1.8,2,515.3555625184077,0,16974.17,30,0
4758,19,11126.26,4.6,0,586.1967802531373,1,19843.98,28,0
4759,39,6676.07,1.1,4,728.5904920665289,0,15191.65,50,0
4760,34,669.27,3.1,0,777.9448592270114,1,46756.19,16,1
4761,53,1788.9,6.4,3,429.9505561373609,2,36206.42,39,1
4762,31,2456.37,1.5,2,603.0244827674649,1,47817.86,13,0
4763,27,6687.29,0.2,2,627.2913185166036,0,43788.02,34,0
4764,52,1027.32,2.2,2,449.24699738085536,0,37849.81,26,0
4765,42,1319.29,1.3,1,680.2591364418165,0,34999.87,55,0
4766,20,825.41,3.3,3,611.6262677414173,1,43375.04,55,0
4767,64,1539.73,9.0,3,619.4159595694997,0,34365.42,33,0
4768,55,1095.22,2.0,3,508.2447081658065,0,9841.63,42,0
4769,34,10703.49,1.9,2,641.2886643381348,0,32582.26,43,0
4770,29,1775.96,3.2,0,683.8223956389937,0,25992.58,52,1
4771,71,5180.93,0.3,0,612.7297883725934,0,49103.79,10,0
4772,69,3024.12,0.9,4,548.6064099036946,0,25743.29,41,0
4773,41,2990.42,7.5,4,556.3930681953635,0,2403.52,10,0
4774,46,1857.24,3.3,4,622.0395707125965,1,13577.38,49,0
4775,60,5519.36,0.0,4,604.879737838063,0,45910.4,33,0
4776,42,3372.72,0.7,3,690.4822119119395,1,48136.64,21,0
4777,53,3220.83,3.4,2,551.9741712475834,0,36560.68,38,1
4778,43,1854.3,4.3,3,478.1619397259175,0,3314.76,41,0
4779,55,2113.67,5.5,2,635.9386077320503,0,1665.3,34,0
4780,18,4774.9,1.0,1,552.2470147001296,0,24239.95,23,0
4781,37,3583.32,8.0,2,678.3681949036367,0,49983.78,25,0
4782,72,3290.44,2.4,3,600.7538630457601,0,43530.19,56,1
4783,45,1630.7,3.6,2,665.4813204364823,0,46688.83,38,0
4784,33,14119.13,2.7,2,498.5682953269212,0,31365.3,17,0
4785,64,2030.9,0.4,1,614.3386263229821,1,43026.67,4,0
4786,34,2909.68,9.9,3,530.0736792616084,1,16325.07,14,0
4787,57,2566.69,0.4,1,477.962634692378,0,1854.52,40,1
4788,45,14239.41,0.9,0,513.8892121928984,2,45953.41,8,0
4789,29,2362.2,5.0,2,545.5522908224141,0,11312.32,48,0
4790,44,2195.42,2.9,4,724.4694527023852,0,36560.07,40,0
4791,71,3276.89,5.5,0,542.905960050734,1,33118.88,3,0
4792,70,1711.57,2.2,1,472.8459749721777,1,8329.1,40,0
4793,59,3259.34,1.4,1,613.1477422496669,0,10191.06,52,0
4794,64,19876.29,7.6,2,602.9180660677674,1,16789.09,28,0
4795,47,3788.62,0.1,3,550.7946987989802,0,37968.07,55,0
4796,58,3679.74,5.8,2,583.8776534153874,0,2442.59,50,0
4797,51,1678.53,0.8,2,697.6227085996571,1,20649.9,25,0
4798,54,11700.25,5.7,0,667.0705765399176,1,33423.1,3,0
4799,23,14061.93,0.4,0,658.4230206873731,0,8987.81,23,0
4800,24,5896.68,2.6,1,481.63212154797696,1,6411.15,59,0
4801,49,5029.45,6.6,3,850.0,0,19815.51,21,0
4802,49,2470.53,1.9,1,705.1252210274222,1,14684.68,31,0
4803,70,4076.81,4.1,2,651.7028563190872,0,32630.24,52,0
4804,42,1528.24,4.9,1,483.56882256027905,1,48493.64,28,0
4805,50,1210.89,4.0,1,694.7730112734107,0,721.21,36,0
4806,72,906.97,7.8,2,549.8871489700672,0,45167.81,53,0
4807,24,4140.36,1.8,2,580.5729195364034,0,21944.54,19,0
4808,69,989.6,0.6,2,431.92207239407173,1,33368.38,20,0
4809,74,1998.78,0.1,0,475.85169140594905,1,42625.84,56,1
4810,29,2838.46,0.8,2,643.8546498827135,1,28886.2,34,1
4811,33,6609.3,0.5,0,700.623467527049,0,5316.94,58,0
4812,33,1876.99,2.4,3,668.4904419795035,1,7459.46,6,0
4813,60,7263.51,0.6,1,665.0818996742948,0,39569.36,32,1
4814,70,6319.07,0.1,1,593.5233543040293,3,11840.36,33,0
4815,53,1265.16,0.1,3,559.3292984633788,0,28667.36,20,0
4816,30,7319.23,5.3,3,628.8895143565394,0,21689.99,7,0
4817,24,2375.91,2.7,1,682.1408323100273,0,15530.13,34,0
4818,53,1999.87,1.3,1,600.4862254933591,0,39454.89,31,1
4819,64,2383.96,6.7,1,721.0252019913405,0,36695.22,14,1
4820,68,2972.61,0.2,1,578.4930736183992,0,32482.39,17,0
4821,26,2138.72,11.8,2,501.9721064703949,0,18947.23,17,0
4822,49,1522.71,2.9,3,598.9637757958999,1,11710.28,37,0
4823,28,1634.34,0.6,3,610.5972278259568,1,26036.8,55,0
4824,25,3331.42,3.4,1,591.796993272359,0,40946.65,37,0
4825,50,2621.83,4.3,4,728.0655560882261,0,28995.42,45,0
4826,40,4545.29,1.7,3,680.5301980724039,0,48521.91,54,0
4827,42,3108.48,5.9,2,456.905901137829,0,1264.16,55,0
4828,73,3170.39,0.5,2,753.4367014198285,1,49918.17,16,0
4829,25,4789.83,1.0,4,325.85829391708273,1,34724.75,41,0
4830,62,9275.52,0.3,4,815.1024372852497,0,41717.36,20,0
4831,39,9577.94,0.7,0,571.2694486443123,0,17080.14,40,0
4832,21,8710.85,0.8,4,581.04322633485,1,25662.9,24,0
4833,57,5981.1,7.5,2,593.998376102636,2,39950.97,40,1
4834,20,15808.9,0.2,2,638.520543284018,0,38152.15,57,0
4835,46,4231.28,1.7,2,599.9736798733157,1,17034.7,13,0
4836,58,3867.78,2.3,1,586.6604811162733,0,16558.31,5,0
4837,46,17946.26,6.9,2,730.8918309356186,1,33309.15,55,0
4838,51,336.71,18.2,1,656.559607975085,0,46716.13,16,0
4839,51,2512.12,4.2,1,504.11961456292386,1,22219.91,46,0
4840,45,8119.28,10.6,2,674.0673914335724,1,17970.62,27,0
4841,30,6530.31,4.6,0,652.410700318334,0,44787.01,16,0
4842,32,23214.24,9.9,2,545.4726274418781,0,34311.28,49,0
4843,40,3248.63,3.7,4,679.2138426362161,1,19719.66,33,0
4844,61,2111.91,0.2,2,584.2427398776961,0,3335.17,27,0
4845,43,2285.48,1.5,1,577.8326527874899,2,36213.72,57,0
4846,21,3844.71,3.1,1,575.1086882567066,0,17967.88,43,0
4847,43,10908.72,1.3,3,357.1881943047601,2,3993.03,21,1
4848,57,11018.3,1.0,1,547.3300667065398,1,30808.31,14,1
4849,26,2850.32,2.6,0,671.3173242125602,0,16488.84,9,0
4850,72,3649.72,8.1,1,597.7588757096237,0,17253.6,51,1
4851,22,1827.53,0.1,4,471.48135701442504,0,24218.92,16,1
4852,73,1986.69,4.4,4,696.4631255192037,1,36015.0,31,0
4853,49,6884.35,3.8,4,570.1399840456604,1,14178.36,49,0
4854,37,10740.42,10.0,3,477.8424509338477,0,4506.82,16,0
4855,67,1706.45,8.0,2,820.6012461671015,0,21509.07,25,1
4856,28,3620.49,4.3,3,494.6827405512244,0,3218.81,53,0
4857,32,2454.15,2.2,3,687.949151128571,0,35014.79,53,0
4858,49,5949.71,0.7,2,523.0685899145395,0,47982.55,16,0
4859,45,2184.6,2.4,1,613.5826834573821,1,33108.56,25,0
4860,39,638.32,4.3,1,509.78190366318245,1,14131.83,10,1
4861,58,6653.86,6.8,2,476.0695818726341,1,9494.27,15,0
4862,34,2338.38,4.7,5,652.2202544671409,1,12022.79,38,0
4863,43,2541.34,0.7,1,640.5290545134401,1,11469.7,46,0
4864,61,4223.71,2.7,2,714.4649444219065,0,16034.61,3,0
4865,24,3953.15,1.2,1,596.5618069704137,1,5318.66,39,1
4866,59,4293.67,0.0,1,822.0351794126492,0,44838.09,28,1
4867,74,809.34,0.7,3,626.8346667437036,0,44313.46,6,1
4868,43,4651.98,0.4,4,656.6774681237213,0,30954.19,18,0
4869,42,647.26,5.5,1,464.1570754892772,1,3565.06,27,0
4870,27,5517.35,0.9,1,538.5915684877469,1,40298.04,21,0
4871,62,7293.25,1.0,1,651.9679700515977,0,3558.53,22,0
4872,36,997.43,9.7,3,591.5772237586417,0,5767.85,28,0
4873,28,3876.73,1.4,1,618.7683135034636,0,16602.17,53,0
4874,30,6944.76,0.0,0,518.3506244285807,2,21857.78,34,1
4875,70,2081.4,1.0,2,612.1946973471621,0,18017.5,5,0
4876,25,5109.77,0.4,3,611.8545891591737,0,8678.87,50,0
4877,57,321.08,0.3,0,481.9564980114761,0,6050.42,9,0
4878,21,7176.43,0.2,4,664.2549844680591,1,43041.05,34,1
4879,64,3053.35,2.7,1,429.9935053082031,0,18477.47,7,0
4880,48,2425.36,0.6,2,618.4238080597684,1,11320.67,23,0
4881,45,6550.08,1.3,0,776.55926938255,0,24606.07,32,0
4882,28,11889.75,5.9,4,668.0550537819082,1,2322.76,22,1
4883,60,4396.54,1.7,3,667.4299246037104,0,30213.92,31,0
4884,18,10796.43,7.4,2,510.2573325051315,0,12800.23,26,0
4885,66,860.38,2.1,2,776.9062053152861,0,30110.72,3,1
4886,64,5078.44,1.5,0,737.6718094602288,0,30899.2,45,0
4887,69,2682.21,4.2,0,515.6409977104433,1,40556.6,27,1
4888,55,1586.72,0.2,4,552.5236758185123,0,11880.29,29,0
4889,41,637.18,0.3,1,725.4656044926688,0,23441.5,27,1
4890,71,4863.09,3.2,4,779.6147378316757,0,48113.42,23,1
4891,74,6004.31,2.0,2,473.5313964909712,0,36492.68,19,0
4892,64,8722.13,4.7,0,499.6289230275423,2,48779.52,30,0
4893,48,7640.3,7.4,0,585.621324357783,1,46404.6,34,0
4894,58,1607.82,1.5,2,382.89059705574846,0,30732.06,46,0
4895,63,8371.3,2.7,1,601.9045160209423,1,13564.55,52,0
4896,67,9109.54,2.1,2,718.5743514029984,0,37967.75,36,0
4897,43,2421.19,12.0,1,456.1362983764251,0,35056.9,24,0
4898,66,3049.53,5.3,3,612.7106964975087,0,29650.06,44,0
4899,67,1411.88,7.3,1,541.8229295004687,0,35042.55,59,1
4900,22,9746.94,0.9,2,763.9945948753917,0,30872.53,21,1
4901,37,889.42,4.4,2,543.0208137866949,1,26209.26,50,0
4902,69,4573.24,0.9,2,751.8993087748584,0,21089.8,10,0
4903,58,1849.25,0.7,1,540.2544929188773,0,2713.06,4,0
4904,28,1228.71,8.7,1,677.117580533413,1,43351.55,7,0
4905,73,665.29,0.1,3,625.1945618362699,0,43344.26,30,1
4906,71,2509.09,10.1,2,586.1727333485699,0,29905.34,6,0
4907,50,1083.91,0.5,2,520.9471430946024,1,13760.27,55,0
4908,67,3118.59,5.1,3,632.3095421317893,0,1892.49,38,0
4909,55,12276.84,1.0,1,555.9464737515088,0,570.73,3,0
4910,44,3496.81,1.3,3,531.0233775191862,0,4108.92,17,0
4911,51,14732.69,0.7,1,747.272274137572,0,18314.37,15,0
4912,32,1358.56,2.6,1,654.7530227493228,0,9825.6,33,0
4913,49,1069.82,1.3,2,664.3638951907203,0,13620.38,19,0
4914,38,1310.79,3.2,1,560.8401481387738,1,35133.19,8,0
4915,63,2829.68,0.0,3,581.4021652916696,1,47977.91,26,0
4916,22,26327.23,0.2,1,575.1423332648889,4,10735.4,57,1
4917,23,788.64,0.3,2,633.7238912500977,1,23549.37,54,1
4918,55,4893.83,1.6,1,664.1803451842505,1,49578.23,15,0
4919,39,1702.8,5.1,1,596.9748629688428,0,46617.88,23,0
4920,35,2492.29,6.6,3,520.7355005819359,1,17939.66,26,1
4921,31,1089.62,0.8,4,676.0570457026549,1,16324.61,56,0
4922,27,6022.82,2.6,2,603.3403868208336,0,12487.45,58,0
4923,63,2878.03,4.4,3,455.9163621229019,0,8192.44,24,1
4924,30,7115.02,1.0,3,386.4705249920312,0,23272.58,31,0
4925,48,3429.59,1.6,2,629.7897175460473,3,17385.47,26,0
4926,47,635.68,2.2,2,517.0526201122296,0,37369.46,46,0
4927,20,7166.94,0.4,3,643.1062129396453,0,12224.89,14,0
4928,47,595.62,0.1,2,522.4381691136066,0,36948.45,22,0
4929,23,667.86,0.5,1,613.3185772495008,0,14763.26,44,1
4930,46,1431.16,3.0,6,562.1598472037908,0,29840.07,36,1
4931,25,1446.52,0.2,2,775.1920810273305,0,32102.29,17,0
4932,61,9107.17,0.6,2,695.0315657818644,1,33753.18,53,0
4933,62,2599.5,1.2,1,734.729690018783,0,9179.28,55,0
4934,60,8086.15,0.2,0,602.4047769119065,0,14494.21,6,0
4935,61,1892.52,0.6,2,682.2360939114881,1,12682.73,55,0
4936,50,3843.42,7.3,2,609.1650077601141,0,29019.94,16,0
4937,34,4355.67,0.1,2,746.9591367433726,1,4249.45,3,0
4938,65,5202.28,3.2,2,592.7437934743726,0,26153.69,35,0
4939,28,2055.06,1.5,1,460.2510659639206,1,4829.62,52,0
4940,30,2203.31,3.4,7,400.13784747460613,0,17184.27,49,0
4941,67,2348.41,2.7,4,766.8311119564514,0,34491.95,45,1
4942,28,794.78,0.8,3,647.8504474150859,0,20921.92,52,0
4943,48,2787.44,5.6,4,654.4256850041742,0,14376.92,31,0
4944,45,2193.06,2.0,2,748.9647842291581,0,30984.93,58,1
4945,61,4741.26,5.2,2,434.82650562740446,1,37143.32,12,0
4946,23,3206.84,1.6,0,564.1398784768193,0,13101.95,38,0
4947,58,8682.85,12.5,5,576.3930170384966,0,15320.3,16,0
4948,33,3152.88,4.4,1,674.2275233207015,1,32194.55,24,0
4949,21,1901.19,10.1,3,530.7359774899118,0,48278.55,52,1
4950,52,3121.78,2.2,3,479.862625648521,0,11086.64,35,0
4951,65,5320.56,1.9,1,478.9651349002893,0,32885.26,30,1
4952,73,721.57,4.2,0,714.941807627202,0,45376.2,9,0
4953,43,1682.1,6.4,1,525.7467906196882,0,23367.35,38,0
4954,74,1710.7,10.0,0,544.7982515678189,0,16183.79,38,1
4955,29,4141.41,1.2,2,663.4498150727904,0,33510.12,52,0
4956,28,4545.21,4.8,0,530.1054591765101,0,2055.87,43,0
4957,54,3232.41,0.7,0,429.50515772443583,0,18327.95,36,0
4958,42,410.38,2.4,3,441.8298826275101,0,13269.71,39,0
4959,35,795.1,0.6,2,594.3192603284542,0,11618.77,8,0
4960,36,2462.31,1.3,2,649.7328430365221,1,9398.08,37,1
4961,40,1995.85,8.0,2,579.7754756149579,1,36984.63,29,1
4962,72,2993.79,0.5,3,643.0442703809069,0,47777.44,32,0
4963,55,2047.72,3.0,1,438.7162473992364,1,19546.15,34,0
4964,71,10150.86,2.7,2,445.4696459031892,0,2930.61,21,0
4965,35,475.73,0.4,0,825.3935916294241,0,36086.13,24,1
4966,43,3797.51,1.2,0,723.278427213668,0,27141.11,23,0
4967,23,5781.44,2.5,5,676.8971891898518,1,36320.41,7,0
4968,21,5225.11,0.6,2,534.0275329265561,2,32571.26,23,0
4969,61,5596.06,4.8,1,576.199380926955,0,45319.08,43,0
4970,68,6278.54,10.7,1,599.83226828664,0,7451.79,58,0
4971,46,1838.7,0.7,0,731.4346113716524,0,8873.51,22,1
4972,51,1234.98,0.6,2,640.2782766445092,0,17407.68,40,0
4973,34,585.38,1.8,1,652.5913801287801,0,24823.75,33,0
4974,60,2230.36,4.1,1,583.23450648825,0,46322.83,39,0
4975,60,1600.34,1.0,4,679.2665066840085,1,45394.73,8,0
4976,70,7549.88,0.1,2,630.2322747431273,0,43657.67,33,0
4977,33,2368.36,2.3,1,604.4022732745681,0,11515.08,49,0
4978,19,1307.24,9.4,1,525.6915827813729,2,36618.98,45,1
4979,51,1151.9,1.5,1,588.6428257898367,1,19482.84,26,0
4980,72,14633.31,1.6,3,492.0467296220045,1,46593.55,56,0
4981,25,2928.75,10.4,3,595.9860994013045,0,11119.52,56,0
4982,30,1595.27,3.6,0,608.89113579649,0,7492.27,20,0
4983,59,3291.94,3.8,2,359.5481615393686,0,42198.07,57,0
4984,25,13595.73,2.5,2,576.9660460899496,1,35986.93,31,0
4985,47,2182.56,11.0,1,482.41197953954077,0,41160.37,53,0
4986,49,5164.73,3.5,1,649.8639325516694,0,8318.2,14,0
4987,53,7701.49,6.8,0,663.7159743550994,0,44297.24,14,0
4988,64,656.46,3.6,0,557.3660182334683,0,34042.21,31,0
4989,47,1788.75,4.0,2,654.9022087121916,1,32752.26,9,0
4990,18,6966.51,1.0,3,659.1066936335061,0,29337.9,18,0
4991,60,1703.7,1.1,1,577.0284160588232,1,38361.39,14,0
4992,56,4153.47,4.6,2,753.4286975303658,0,21072.61,23,0
4993,34,1624.92,1.1,2,527.4925062993499,0,7074.65,6,0
4994,37,2087.16,2.5,2,747.1365703253166,0,27193.61,44,0
4995,41,1893.36,0.9,1,577.4800570816794,0,37531.05,19,1
4996,67,4960.87,5.1,3,515.6673646774033,0,8105.55,30,0
4997,39,3502.61,0.4,0,564.8451524195618,1,11589.02,33,1
4998,46,3226.29,5.3,3,490.0610772270677,1,34979.01,49,1
4999,39,22158.94,2.8,2,678.4557867389203,0,13847.72,10,0
5000,61,11989.16,0.6,1,439.72310219247237,0,8912.07,48,0
